"",,,AJK,,
"",,,,,Designated
"",,,,Contact,for
District,Tehsil,HF Name,Address,,
"",,,,No,(HCW or
"",,,,,Citizen)
Muzaffarabad,Muzaffarabad,MVC AJK UNI city Campus,AJK uni city campus mzd,03229416064,Both
Muzaffarabad,Muzaffarabad,RHC Gari Duppata,TC Gari Duppata,03427908581,Both
Muzaffarabad,Naseera Abad,RHC Kahori,Kahori Tehsil Naseerabad,03485327311,Both
Neelum,Athmaqam,BHU Mirpura,Village Mirpura,0355-7608317,Both
Neelum,Sharda,BHU Dudniyal,Tehsil Sharda village Dudniyal,0355-7132094,Both
Neelum,Sharda,BHU Janawai,Tehsil Sharda village Janawai Taobut,0355-7605828,Both
Neelum,Sharda,RHC Sharda,Tehsil Sharda,0355-8119850,Both
Jhelum Valley,CHIKAR,RHC Chakar,Chakar Hattian,0342-1589692,Both
Jhelum Valley,HATTIAN BALA,RHC Chakhama,Chakhama Hattian,0355-6255958 Both,
Jhelum Valley,HATTIAN BALA,RHC Chinari,Chinari Hattian,0345 -5299489,Both
J h elum Valley,HATTIAN BALA,RHC Chakothi,Chakothi Hattian,0345-9070726,Both
Jhelum Valley,HATTIAN BALA,RHC Khalana,Khalana Hattian,0340-5602743 Both,
Jhelum Valley,HATTIAN BALA,RHC Lamnian,Lamnian Hattian,0316-0465990 Both,
Jhelum Valley,Leepa,RHC Leepa,Leepa,03556275441,Both
Bagh,Dheerkot,RHC Sesser,Sesser Thehsil Dhirkot,03215061753,Both
Bagh,Dheerkot,RHC Maloot,Maloot Tehsil Dheerkot,03431690146,Both
Bagh,Dheerkot,RHC Arja,Arja Tehsil Dheerkot,03460260783,Both
Bagh,Bagh,RHC Rerra,Rerra Tehsil Bagh,03455514767,Both
Bagh,Bagh,MVC DHQ Bagh,DHQ Bagh,03003649616,Both
Poonch,Abbaspur,THQ Abbaspur,Abbaspur Poonch,0343-8952195,Both
Poonch,Thorar,RHC Paniola,RHC Paniola near Paniola Bazar,0346-5320825,Both
Poonch,Thorar,BHU Thorar,BHU Thorar main bazar Thorar,0343-5469853,Both
Poonch,Rawalakot,BHU H/Q,District Complex Rawalakot,0345-5015444,Both
Poonch,Rawalakot,MVC BHQ HQ,G-Block Dist Complex,03455015444,Both
Sudhnoti,Tararkhal,THQ Tararkhal,Tehsil headquarter Pappynar Tararkahl Sudhnoti,03062721485,Both
Sudhnoti,Mong,RHC Mong,Tehsil Mong District Sudhnoti,03442000230,Both
Sudhnoti,Blouch,RHC Blouch,Tehsil Blouch District Sudhnoti,03471558090,Both
Mirpur,MIRPUR,RHC Pindi suberwal,Pindi suberwal Mirpur,0345-1880114,Both
Mirpur,MIRPUR,RHC Islamgarh,Opposite Boys Degree college Islamgarh Mirpur,0346-5133470,Both
Mirpur,MIRPUR,RHC Chakswari,Chakswari Bazar Mirpur,0346-8662049,Both
Mirpur,Dadyal,RHC Khadimabad,Anker Dadyal Mirpur,0300-5440316,Both
Mirpur,MIRPUR,MVC DHQ Mirpur,Allama Iqbal Road Mirpur,03485514900,Both
Bhimber,Bhimber,DHQ Sokasam,Sokasan Tehsil Bhimber,03475208233,Both
Bhimber,Bhimber,RHC Panjeeri,Panjeeri tehsil bhimber,03125258031,Both
Bhimber,Barnala,BHU Kotjamal,Main city Kotjamal Bhimber,03471508479,Both
Bhimber,Bhimber,DHO Office,Main city DHO office Bhimber,03495016121,Both
BALOCHISTAN,,,,,
District,Tehsil,AVC/CVC,Adress,Contact No,"DesignatedFor (HCWor Citizen)"
KALAT,KALAT SUB-,DHQ  Hospital Kalat,main city kalat,03377766141,Both
KHARAN,KHARAN SUB-,DHQ Kharan,main city,0847510282,Both
KHUZDAR,KHUZDAR SUB-,DHQ Hospital,main city,03316760000,Both
LASBELA,OTHAL,DHQ Hospital Uthal,main road Uthal,03334132345,Both
LASBELA,BELA SUB-,Civil Hospital Bela,Bela city,03342323988,Both
LASBELA,HUB SUB-,JGQ Govt; Hospital Hub,"Main bazar, Hub",03132772255,Both
MASTUNG,MASTUNG SUB-,"DHQ, Hospital Mastung","Hospital road, main bazar",0843895678,Both
AWARAN,AWARAN SUB-,DHQ Hospital Awaran,main city,03337876758,Both
WASHUK,"RAKHSHAN (BESIMA)SUB-",Civil Hospital Basima,basima city,"033682814950847310101",Both
"SHAHEEDSIKANDARABAD",SURAB,CH Civil Hospital Surab,main road Surab,"0333268377603368326230",Both
GWADAR,GWADAR SUB-,"DHQ, GWADAR",Gwadar city,"086421083603218623955",Both
PANJGUR,PANJGUR SUB-,DHQ Hospital Panjgur,main city panjgur,0855641093,Both
KECH,KECH (TURBAT) SUB-,DHQ Turbat.,main city,0852412661,Both
SOHBATPUR,SOHBATPUR,BHU SOHBAT PUR,sohbatpur city,03443153068,Both
JAFFARABAD,JHAT PAT SUB-,DHQ FEMALE OPD Hospital D.A.Yar (M/C Dera Allah Yar-1),"main chowk, dera allah yar",0838510441,Both
KACHHI,DHADAR SUB-,DHQ Hospital Dhadar,"near commissioner office, dhadar",03318383246,Both
NASIRABAD,"DERA MURAD JAMALISUB-",DHQ Hospital DM Jamali,main city\,03463821338,Both
JHAL MAGSI,JHAL MAGSI SUB-,MCH Jhal Magsi,Jhal magsi town,0837430176,Both
CHAGAI,DALBANDIN SUB-,DHQ Dalbandin,Main road,03334798850,Both
PISHIN,PISHIN SUB-,DHQ Pishin,main city,"082642040103313866511",Both
QUETTA,Zarghoon Town,SKBZ Hospital,"Hazar Ganji road, Quetta",03337919969,Both
QUETTA,Chilton Town,Banazeer Hospital,"Gulistan town, Mariabad Quetta",03003896503,Both
QUETTA,Zarghoon Town,Civil Hospital,Main jinnah road,03428017667,Both
QUETTA,Zarghoon Town,BMC,Brewery Road Quetta,03471120716,Both
Quetta,Chilton Town,Fatima Jinnah Chest & General Hospital Quetta,Brewery Road Quetta,03409516012,Both
QUETTA,Chilton Town,Balochistan Children Hospital Quetta,Quarry road,03137875005,Both
QUETTA,Zarghoon Town,Helper Eye Hospital Quetta,saryab road,03003173596,Both
QUETTA,Chilton Town,Mufti Mehmood-Hospital Kuchlak Quetta,kuchlak,03003870320,Both
QUETTA,Chilton Town,BINUQ Quetta,"lehri gate, samungli road",03338899844,Both
QUETTA,Sub quetta,LRBT Hopital,saryab road,03151616615,Both
QUETTA,Sadar qta,Chirstan Hospital,Mission Road,,Both
QUETTA,Zarghoon Town,Lady defrrern Hospital,Macconagi Road,,Both
QUETTA,Zarghoon Town,Trauma Centre,jinnah Road,03218003437,Both
QUETTA,Chilton Town,MMH Hospital,kuchlak,03332076225,Both
QUETTA,Chilton Town,DGHS,saryab road,,Both
QUETTA,Chilton Town,Wapda Hospital,Airport Road,03340261908,Both
QUETTA,Chilton Town,Red Crecent Hospital,Airport Road,,Both
QUETTA,Saddar Qta,Najma Ghafar Hospital,Patel Road,,Both
QUETTA,Chilton Town,Epi Centre,Berwary road,03428017667,Both
QUETTA,Chilton Town,DHO Office,Bypass Road,03023806167,Both
QUETTA,Zarghoon Town,Al Shiffa Hospital,Patel Road,,Both
QUETTA,Zarghoon Town,Akram Road,Double Road,,Both
QUETTA,Zarghoon Town,"Azeem Hospital, Nawa Killi, Quetta",Nawa killi,,Both
QUETTA,Zarghoon Town,City International Hos,jinnah Road,,Both
QUETTA,Chilton Town,Darul Shiffa,Hazara Town,,Both
QUETTA,Zarghoon Town,Jelani Hospital,,,Both
QUETTA,Zarghoon Town,Imdad Hospital,Double Road,,Both
QUETTA,Zarghoon Town,Doctor Hospial,Patel Road,,Both
QUETTA,Zarghoon Town,Haji Sangeen Khan Hospital,Airport Road,,Both
QUETTA,Zarghoon Town,"Saleem Medical Complex, Jinnah Road, Quetta",Jinnah Road,,Both
QUETTA,Zarghoon Town,Mid Town Hospital,Model Town,,Both
QUETTA,Zarghoon Town,Al Qadeer Hospital,SherMuhmmad Road,,Both
QUETTA,Chilton Town,Tariq HOSPITAL,saryab road,,Both
QUETTA,Zarghoon Town,Yaseen Hospital,Patel Road,,Both
QUETTA,Zarghoon Town,Rahat Medical Hosp[,Art school Road,,Both
QUETTA,Zarghoon Town,Al Naseer hospital,Adalat hospital,,Both
QUETTA,Zarghoon Town,Gelani Hospital,Satilitte Town,,Both
QUETTA,Zarghoon Town,Al Azam Hospital,Satilitte Town,,Both
QUETTA,Zarghoon Town,Madina Children Hospital,SherMuhmmad Road,,Both
KILLA ABDULLAH,KILLA ABDULLAH,RHC Killa Abdullah,Killa Abdullah city,03318010845,Both
KILLA ABDULLAH,CHAMAN SUB-,New DHQ,chaman city,03318946689,Both
NUSHKI,NUSHKI SUB-,DHQ Hospital Nushki,main city,03448022463,Both
DERA BUGTI,DERA BUGTI SUB-,DHQ Hospital Dera Bugti,"main road,",0835410225,Both
KOHLU,KOHLU,Epi center city kohlu,kohlu city,0829667370,Both
SIBBI,SIBI SUB-,DHQ Hospital Sibi,main bazar,08339230072,Both
ZIARAT,ZIARAT SUB-,DHQ HOSPITAL ZIARAT,main city,03342323664,Both
HARNAI,HARNAI,DHQ HARNAI,main city,0833520049,Both
BARKHAN,BARKHAN SUB-,DHQ BARKHAN,main city,"0333268377603368326230",Both
KILLA SAIFULLAH,"KILLA SAIFULLAHSUB-",DHQ Hospital Killa Saif Ullah,main city,03333212015,Both
LORALAI,LORALAI,"MCH Center, Loralai",main city,0824410436,Both
MUSAKHEL,MUSAKHEL SUB-,DHQ Hospital Musa Khel,main city,03337738775,Both
ZHOB,"KAKAR KHURASANSUB-",MCH Center (Zhob),main city,03127919610,Both
DUKI,DUKI,DHQ Hospital,main city,03438155773,Both
Kalat,Kalat,District Store,main city,03377766141,Both
Kharan,Kharan,MCH Centre Kharan,main city,03342126407,Both
Kharan,Sar Kharan,BHU Miskan Kalat,main city,03342126407,Both
Khuzdar,Moola,CD Nokjo,main road,03316760000,Both
Khuzdar,Nal,Civil Hospital Nall,main city road,03316760000,Both
Khuzdar,Wadah,RHC Wadh,main city road,03316760000,Both
Khuzdar,Zehri,CH Shaheed Nawabzada Sikandar Khan Zehri,main city road,03316760000,Both
Lasbella,Liari,BHU Liari,main city road,03007046546,Both
Lasbella,Kanraj,BHU Umer Goth,main city road,03007046546,Both
Lasbella,Gaddani,RHC Gaddani,main city road,03007046546,Both
Lasbella,Lakhara,RHC Lakhara,main road,03007046546,Both
Lasbella,Bela,BHU Danda (Jam Yousaf Abad),main city road,03007046546,Both
Lasbella,Uthal,BHU Sukkan,main city road,03007046546,Both
Mastung,Mastung,"BHU, Ghulam Prinz",main city road,03313724891,Both
Mastung,Dasht,"RHC, Ispilingi",main city road,03337804564,Both
Mastung,Mastung,"RHC, Pringabad",main city road,03331399771,Both
Mastung,Mastung,"RHC, Kanak",main city road,03355204382,Both
Mastung,Dasht,"BHU, Spezant",main city road,03327871938,Both
Mastung,Mastung,Ghous Bakhsh Rehsani Hospital,"main RCD highway road, Mastung",03365670775,Both
Mastung,Mastung,District Coldroom,main city road,03342348793,Both
Awaran,Jhal Jhao,RHC Camp Jhall Jhao,main city road,03332901152,Both
Awaran,Mashkai,RHC Mashkey,main city road,03129936933,Both
Awaran,Jhal Jhao,BHU Bagari Zeelaghe,main city road,03325073925,Both
Washuk,Washuk,BHU Washuk,main city road,"033682814950847310101",Both
Washuk,Mashkail,BHU Kalag Mashkail,main city road,"033682814950847310101",Both
Gwadar,Jiwani,RHC Jiwani,main city road,"0322810122103332001278",Both
Gwadar,Pasni,RHC Pasni,main city road,03218981926,Both
Gwadar,Ormara,RHC ORMARA,main city road,03448165934,Both
Gwadar,Gawadar,GDA Hospital,main city road,03098006001,Both
Panjgur,Panjgur,BHU Sordo,main city road,03324271657,Both
Panjgur,Panjgur,BHU Essahi,main city road,03177008857,Both
Panjgur,Panjgur,RHC Tasp,main city road,03313973907,Both
Panjgur,Panjgur,RHC Washbood,main city road,03232056620,Both
Panjgur,Gwargo,RHC Paroom,main city road,0855403356,Both
Kech/Turbat,Buleda,RHC Buleda,main city road,03132756104,Both
Kech/Turbat,Dasht,RHC Kuddan,main city road,03213953977,Both
Kech/Turbat,Tump,RHC Soro,main city road,03213953977,Both
Kech/Turbat,Tump,RHC Tump,tump,03213953977,Both
Sohbatpur,Fareedabad,BHU NOOR PUR,main city road,03443153068,Both
Sohbatpur,Sohbat Pur,BHU JHANDA TALAB,main city road,03443153068,Both
Sohbatpur,Manjhi pur,BHU PANHWAR,main city road,03443153068,Both
Sohbatpur,Manjhi pur,BHU MANJHI PUR,main city road,03443153068,Both
Jaffarabad,Usta Muhammad,CIVIL HOSPITAL USTA MUHAMMAD,main city road,03337333008,Both
Jaffarabad,Usta Muhammad,50 BEDDED LABOUR HOSPITAL USTA MUHAMMAD,main city road,03337333008,Both
Jaffarabad,Jhat Pat,RHC ROJHAN JAMALI,rojhan jamali road,03337333008,Both
Jaffarabad,Jhat Pat,BHU CATTLE FARM,main city road,03337333008,Both
Jaffarabad,Gandakha,BHU BAGH HEAD,main city road,03337333008,Both
Jaffarabad,Gandakha,BHU GANDAKHA,main city road,03337333008,Both
Bolan/Kachhi,Mach,Civil Hospital Mach,main city road,03367800790,Both
Bolan/Kachhi,Dhadar,RHC Haji Shaher,main city road,03013103784,Both
Bolan/Kachhi,Bhag,Civil Hospital Bhag,main city road,03013103784,Both
Naseerabad,Chatter,BHU Mir Hassan,main city road,03453964034,Both
Naseerabad,Dera Murad Jamali,BHU Ahmad Shaheed,main city road,03003170244,Both
Naseerabad,Tamboo,RHC Mir Wah,mirwah town,03003709853,Both
Naseerabad,Tamboo,RHC Manjho Shori,main city road,03450329510,Both
Jhal Magsi,Gandawah,BHU GAJAN,main city road,03337037957,Both
Jhal Magsi,Jhall magsi,BHU BARIJA,main city road,03337037957,Both
Chagai,Dalbabdin,RHC Chiater,main city road,03327884184,Both
Chagai,Nokundi,BHU Taftan,main city road,03337960968,Both
Chagai,Chaghi,RHC Chagai Village,main city road,03338800776,Both
Chagai,Dalbabdin,BHU Yakmach,main city road,03337743833,Both
Chagai,Nokundi,MCH Nokkundi,main city road,03327919128,Both
Pishin,Karezat,THQ Khanozai,main city road,"082642040103313866511",Both
Pishin,Barshor,RHC Barshor,main city road,"082642040103313866511",Both
Pishin,Huram Zai,RHC GANGALZAI,main city road,"082642040103313866511",Both
Pishin,Huram Zai,RHC ALI ZAI,main city road,"082642040103313866511",Both
Pishin,Karezat,RHC Bostan,main city road,"082642040103313866511",Both
Pishin,Pishin,RHC Saranan,main city road,"082642040103313866511",Both
Quetta,Panjpai,RHC Panjpai,main city road,03159938884,Both
Quetta,Zarghoon Town,BHU Hanna,main city road,03323856016,Both
Quetta,Zarghoon Town,BHU New Pashtonabad,pashtoonabad,03338885664,Both
Quetta,Zarghoon Town,BHU Kili Kabir,main city road,03358176665,Both
Quetta,Chilton Town,BHU Kachi Beg,main city road,03058006540,Both
Quetta,Chilton Town,BHU Ahmad Khanzai,main city road,03337848827,Both
Quetta,Chilton Town,BHU Nosar,Killi nosar,03327812733,Both
Quetta,Chilton Town,EPI HQ,"Near SBK University, Brewery Road Quetta",0819213186,Both
Quetta,Chilton Town,DHGHS,Link saryab road,03312484672,Both
Quetta,Chilton Town,DHO Office,western bypass,08129213257,Both
Quetta,Zarghoon Town,Trauma  Center,"inside civil hospital, jinnah road",03218003437,Both
Quetta,Zarghoon Town,"Al- Shifa Hospital, Patel Road, Quetta",Patel road,0812827892,Both
Quetta,Zarghoon Town,"Akram Hospital, Zarghoon Road Quetta",Zarghoon road near Bukhari sweets,"0812869236,37,38",Both
Quetta,Zarghoon Town,"Azeem Hospital, Nawa Killi, Quetta",Nawa killi,03023806167,Both
Quetta,Zarghoon Town,"City International Hospital, Jinnah Road Quetta",Jinnah road,0812842042,Both
Quetta,Chilton Town,Dar ul Shifa Imam Khumini Hazara Town Quetta,Hazara town near imam barigah,0812857135,Both
Quetta,Zarghoon Town,"Jilani Hospital, Satellite Town, Quetta",mini market satellite town quetta,"033337878210812453701",Both
Quetta,Zarghoon Town,"Nagi Children Hospital, Petel Bagh, Quetta",Patel bagh,0812837882,Both
Quetta,Zarghoon Town,"Christain Hospital, Mission Road, Quetta",Mission road,0812842697,Both
Quetta,Zarghoon Town,"Imdad Hospital, Jinnah Road, Quetta",Jinnah road,0812824476,Both
Quetta,Zarghoon Town,"Doctors Hospital, Petal Road, Quetta",patel road,0812868317,Both
Quetta,Zarghoon Town,"Haji Sangeen Khan Hospital, Airport Roaq, Quetta",airport road,92812825896,Both
Quetta,Zarghoon Town,"Wapda Hospital, Airport Road, Quetta",Airport road near PSO petrol pump,92812880885,Both
Quetta,Zarghoon Town,"Saleem Medical Complex, Jinnah Road, Quetta",Jinnah road near science college,92812828679,Both
Quetta,Zarghoon Town,"Mid Town Hospital, Model Town, Quetta","model town, quetta",92812822340,Both
Quetta,Zarghoon Town,"Al Qadeer Hospital, Dr. Sher Muhammad Road, Quetta",Dr. sher muhammad road,03023806167,Both
Quetta,Chilton Town,"Tariq Hospital, Saryab Road, Quetta",saryab road,03023806167,Both
Quetta,Zarghoon Town,"Yaseen Hospital, Patel Road, Quetta",patel road,0812822424,Both
Quetta,Zarghoon Town,"Rahat Medical Complex, Art School Road, Quetta",art school road near kebabish grill,0812838874,Both
Quetta,Zarghoon Town,"Al Nasir Hospital, Adalat Road,Quetta",adalat road,0812833573,Both
Quetta,Zarghoon Town,"Gilani Hospital, Satellite Town, Quetta",mini market satellite town quetta,"0812447183, 84",Both
Quetta,Zarghoon Town,"Al Azam Hospital, Satellite Town, Quetta",satellite town quetta,0812448388,Both
Quetta,Zarghoon Town,"Najma Ghaffar Hospital, Patel Road, Quetta",patel road,92812820331,Both
Quetta,Zarghoon Town,"Madina Children Hospital, Dr. Sher Muhammad Road, Quetta",airport road,03023806167,Both
Killa Abdullah,Chaman,Woman and Children hospital,main city near new dhq chaman,03318946689,Both
Killa Abdullah,Killa Abdullah,RHC Habibzai,main city road,"3,318,010,845",Both
Killa Abdullah,Gulistan,RHC Abdul Rehmanzai,main city road,03318946689,Both
Killa Abdullah,Killa Abdullah,RHC Maizai,main city road,"3,318,010,845",Both
Nushki,Nushki,RHC Ahmad Wall,main city road,03448022463,Both
Nushki,Nushki,BHU Mengal II,main city road,03448022463,Both
Dera Bugti,Sui,PPL Sui,main city road,0835422445,Both
Kohlu,Kohlu,DHQ Hospital Kohlu,main city road,0829667370,Both
Kohlu,Mewand,MCH Kohlu,main city road,0829667370,Both
Sibi,Lehri,BHU Bakhtir Abad,main city road,03328812683,Both
Sibi,Sibi,BHU Mal Gishkori,main city road,Not Available,Both
Sibi,Sibi,RHC Talli,main city road,03313547971,Both
Sibi,Lehri,RHC Lehri,main city road,03337716512,Both
Sibi,Sibi,RHC Luni,main city road,03337711366,Both
Ziarat,Ziarat,RHC AHMADOON,main city road,03138489354,Both
Ziarat,Ziarat,RHC KAWAS,main city road,03327822910,Both
Ziarat,Sinjavi,THQ Hospital Sinjavi,main city road,03422851731,Both
Harnai,Shahrag,RHC SHARAG,main city road,0833520049,Both
Barkhan,Barkhan,BHU Pir Bakhsh Mehani,main city road,03311205001,Both
Barkhan,Barkhan,BHU RAKHNI,main city road,03346752823,Both
Barkhan,Barkhan,CD DAMAN BAGHAO,main city road,03321590778,Both
Killa Saifullah,Muslim Bagh,BHU Murgha Faqirzai,main city road,03363845450,Both
Killa Saifullah,Muslim Bagh,THQ Hospital Muslim Bagh,main city road,03138488499,Both
Loralai,Makhter,RHC MEKHTER,main city road,03333222425,Both
Musa Khail,Kingri,BHU Kingri,main city road,03337738775,Both
Musa Khail,Kingri,BHU Rara Sham,main city road,03337738775,Both
Musa Khail,Drug,RHC Drug,main city road,03337738775,Both
Zhob,Zhob,BHU Sheikhan,main city road,03127919610,Both
Zhob,Zhob,BHU Babar,main city road,03127919610,Both
Zhob,Kaker Khurasan,RHC Qamardin Karez,main city road,03127919610,Both
Zhob,Zhob,DHQ Hospital,main city road,03127919610,Both
Zhob,Zhob,BHU Killi Apozai,main city road,03127919610,Both
Sherani,Sherani,BHU Khan Alam(Kapip),main city road,03138532156,Both
DUKI,Dukki,BHU NASAR ABAD (DUKKI),main city road,03438155773,Both
DUKI,Luni,BHU Musajan Lakhi,main city road,03351247088,Both
DUKI,Thaal Chutiali,BHU BANI KOT ZAKI,main city road,03322722917,Both
DUKI,Luni,BHU MARJAN ZAI,main city road,03322541655,Both
DUKI,Thaal Chutiali,RHJC Jhaal,main city road,03120805582,Both
Quetta,Quetta Saddar,LRBT Hospital,main quetta sibi road,03151616615,Both
Sherani,Sherani,RHC Manikhuwa,manikhuwa,03139366592,Both
Mastung,Kardigap,"BHU, Pasund Khan",main city,03318349299,Both
Mastung,Kardigap,RHC Kardigap,main city,03337934929,Both
Surab,Mehrabad,BHU Lakhrioan,Lakhrioan,"0333268377603368326230",Both
Surab,Umarabad,RHC Hathyari Gidder,gidder town,"0333268377603368326230",Both
Surab,Dasht e Goran,BHU MALSHOARI,malshori,"0333268377603368326230",Both
Kech/Turbat,Turbat,BHU Hoshab,main city,Not Available,Both
Dera Bugti,Phellawagh,BHU Pirkoh,Pirkoh,Not Available,Both
Dera Bugti,Phellawagh,RHC Baikar,Baikar,Not Available,Both
Sibi,Sibi,Sibi,Sibi city,Not Available,Both
Killa Saifullah,Killa Saifullah,CD Kach Karim Zai,Karim zai town,03326244978,Both
Killa Saifullah,Killa Saifullah,RHC Gawal Ismailzai,main city,03126866080,Both
Killa Saifullah,Muslim Bagh,RHC Kan Mehterzai,kanmehtarzai city,03333822584,Both
Killa Saifullah,Killa Saifullah,District Store,main DHO office,03023816778,Both
Loralai,Bori,BHU KACH AMAKZAI,main city,Not Available,Both
Loralai,Bori,BHU Safor Khan,main city,Not Available,Both
"",,,,,GB,,
"",,,,,,,Designated For
Ser#,District,Tehsil,AVC Name,Address,,Contact NO,
"",,,,,,,"(HCW, Citizens)"
1,Astore,Astore,DHQ Hospital Astore,P.O & village Eidgah Bazar area district headquarter Hospital Astore,,0355-5478039,Both
2,Astore,Shounter,CH Bunji,Civil Hospital Rattu,,0355-4137381,Both
3,Astore,Astore,CD Rattu,Civil Dispensary Doyan,,0355-5456413,Both
4,Astore,Shounter,CD Koshunat,Village Koshunat UC Gudai Tehsil Shounter,,0355-5002009,Both
5,Astore,Shounter,CH Minimerg,Village & UC Minimerg Astore,,0355-5151565,Both
6,Astore,Astore,BHU RAMKHA,Village Ramkha UC Parishing District Astore,,0355-4142583,Both
7,Astore,Astore,BHU HARCHO,Village Harcho UC doyan District Astore,,0355-5001415,Both
8,Astore,Astore,50 bedded hospital,Village Hospital UC Eidgah District Astore,,0355-5253862,Both
9,Astore,Eidgah,DHO Office Astore AVC,Village Avc UC eidgah District Astore,,0355 5119296,Both
10,Diamer,Chilas,RHQ Hospital Chilas,District Headquarter hospital MC Chilas,,0345-6119903,Both
11,Diamer,Tangir,THQ Juglot,Tehsil Head quarter hospital Tangir Juglot,,0355-5257666,Both
12,Diamer,Daril,CH Daril,Civil Hospital Samigal Daril,,0355-5176191,Both
13,Diamer,Chilas,BHU Thore,UC Thore Hudur Basic Health Unit Thore,,0355-5142359,Both
14,Diamer,Chilas,CD Goner Farm,Civil Dispensary  Goner Fram UC Goner Farm,,0355-5366999,Both
15,Diamer,Chilas,ACD Gohar Abad,Village Goharabad UC Goharabad Diamer,,0355-5272212,Both
16,Diamer,Chilas,ACD Parika,Village Parika UC thak niat Diamer,,0355 5145455,Both
17,Diamer,Daril,ACD Gayot,Village Gayot UC Manikal Diamer,,0355 5145455,Both
18,Diamer,Daril,CD Gayal,Village Gayal UC Samigal Diamer,,0355 5145455,Both
19,Diamer,Tangir,CD Khamikot,Village khamikot UC Gabar Diamer,,0355 5145455,Both
20,Kharmang,Kharmang,CH Mehdiabad,Civil Hospital Mehdiabad Kharmang,,0355-5390155,Both
21,Kharmang,Kharmang,CD Manthokha,Village Manthokha UC & Tehsil Kharmang,,05815-928001,Both
22,Kharmang,Kharmang,CH Tolti,Village & UC Tolti,,0355-5274648,Both
23,Kharmang,Kharmang,CH Olding,Civil Hospital Olding UC Olding kharmang,,0355-4134760,Both
24,Kharmang,Kharmang,BHU Mayurdo,Basic Health unit Mayurdo UC Baghicha Kharmang,,0355-5619425,Both
25,Kharmang,Kharmang,CD Gandus,Civil Dispensary Gandus UC Kharmang,,0355-5287560,Both
26,Kharmang,Kharmang,MCH Tolti Brok,village Tolti Brok UC Katisho Kharmang,,0355-5074853,Both
27,Kharmang,Kharmang,MCH Memoshthang,Village Memoshthang UC Bresil Kharmang,,0355-5656228,Both
28,Kharmang,Kharmang,CD Hamzigond,Village Hamigond UC Hamzigond Kharmang,,0355-4397294,Both
29,Kharmang,Kharmang,CD Pari,Village Pari UC Kharmang,,0355-5757570,Both
30,Shigar,Shigar,RHC Shigar,Regional Health Center Shigar UC Markunja Dist Shigar,,0348-8575975,Both
31,Shigar,Shigar,RHC Gulabpur,Regional health center Gulappur UC Gulappur Dist. shigar,,0355-8606498,Both
32,Shigar,Shigar,BHU Tisar,Basic Health Unit Tisar UC Tisar Dist. Shigar,,0355-5134040,Both
33,Shigar,Shigar,CD Alchori,Civil Dispensrary Alchori UC alchori Dist. Shigar,,0355-4437428,Both
"",,,,,0311-8832309,,,
35,Shigar,Shigar,CD Wazirpur,Village Wazirpur UC Shigar,,0343-4633116,,Both
36,Shigar,"ShigarShigarShigar",FAP Kothang,Village Kothang UC Marip Shigar,,0346-9531983,,Both
37,Shigar,CD Haiderabad,Villgare Haiderabad UC Alchori Shigar,,0355-5460763,,Both,
38,Shigar,CD Chorkha,Village & UC Chorkha Shigar,,0348-8282270,,Both,
39,Skardu,Skardu,RHQ SKARDU,District headquarter hospital Skardu MC-II Skardu,,0344-9112952,,Both
40,Skardu,Gamba Skardu,BMS Hospital,Benazir Memoral Shahid Hospital Gamba Skardu,,0331-5949575,,Both
41,Skardu,Roundu,CH THOWAR,Civil Hospital Thowar UC Stak Tehsil Roundu dist. Skardu,,0344-5596344,,Both
42,Skardu,Gamba Skardu,CD Kawardo,Civil Hospital Kawardo Gamba Skardu,,0343-8822633,,Both
43,Skardu,Gamba Skardu,CD Kachura,Civil Hospital Kachura Gamba Skardu,,0323-3266865,,Both
44,Skardu,Gamba Skardu,CD Chunda,Village Chunda Gamba Skardu,,0355-5454324,,Both
45,Skardu,Skardu,CD Gole,Village Gole Skardu,,0341-3077336,,Both
46,Skardu,Gamba Skardu,CD Basho,Village Basho Gamba Skardu,,0342-5153319,,Both
47,Skardu,Gamba Skardu,CD Qumrah,Village Qumrah Gamba Skardu,,0355-5779877,,Both
48,Skardu,MC-1,DHO Office AVC,District Health office Skardu,,0344-6792060,,Both
49,Skardu,Skardu,CD Sermik,Village & Gole-sermik district Skardu,,0355-4189193,,Both
50,Skardu,Skardu,CD Hussainabad,Village & UC Hussainabad dIst Skardu,,0315-1004598,,Both
51,Skardu,Skardu,CD Hassan Colony,"Hassan Colony UC MC-1, Skardu City",,0355-5393355,,Both
52,Skardu,Gamba,CD Astana,Village Astana UC Shigari khurd Skardu,,0355-5454612,,Both
53,Skardu,Gamba,CD Sundus,Village Sundus UC Shigari Khurd Skardu,,0355-4594666,,Both
54,Skardu,Roundu,BHU Tormik,"Village & UC Tormik, SKARDU",,0355-5253720,,Both
55,Skardu,Roundu,CD Talu,"Village Talu UC Ganji, Skardu",,0355-4123309,,Both
56,Skardu,,CD Bilamik,Village &UC bilmaik Skarud,,0355-5653649,,Both
57,Skardu,Roundu,CD Shout,"Village Shout UC Ganji, Skardu",,0355-5264299,,Both
58,Skardu,Roundu,CD stak,"Village & UC Staq, Skardu",,0355-4159922,,Both
59,Ghanche,Khalpu,DHQ Khuplu,District Headquarter hospital Khalpu bala Dist. Ghanche,,0343-8196626,,Both
60,Ghanche,KUROO,ACD Ghowari,Village Ghowari Uc kuro,,0344 5406843,,Both
61,Ghanche,MACHULOO,BHU Machuloo,Village Machuloo  Uc Machuloo,,0355 5190861,,Both
62,Ghanche,Khalpu,CH Siksa,Civil Hospital Siksa Khalpu Dist. Ghanche,,0355-4110085,,Both
63,Ghanche,Mashabrum,CH Thagas,Civil Hospital Thagas Tehsil Mashabrum Dist. Ghanche,,0340-5792188,,Both
64,Ghanche,Daghoni,CH Daghoni,Civil Hospital Daghoni Tehsil Daghoni Dist. Ghanche,,0344-7760851,,Both
65,Ghanche,Khalpu,CH Keris,Civil Hospital Kersi Khalpu Dist. Ghanche,,0343-5073908,,Both
66,Ghanche,Khaplu,BHU Bara,"Village & UC Bara, Ghanche",,0355-5194773,,Both
67,Ghanche,Daghoni,AC D Garbung kharkoh,"Villge Garbung Kharkoh UC Kharku, Ghanche",,0355-5269911,,Both
68,Ghanche,Mashabrum,CD Ghazi Thang,"Village Ghazi Thang UC Ghursay, District Ghanche",,0355-4426043,,Both
69,Ghanche,Mashabrum,ACD saith saltoro,"Village Saith UC Saltoro, Ghanche",,0355-5197243,,Both
70,Gilgit,Gilgit,PHQ Hospital Gilgit,Provincial Headquarter Hospital Khazana Road  Town Area Gilgit,,0315-0587285,,Both
71,Gilgit,Gilgit,RHQ Hospital Gilgit,City Hospital river view road Gilgit Town,,0355-4214641,,Both
"",,,,,0313-3349857,,,
73,Gilgit,Danyore,CH Sasi,Civil Hospital Sasi UC Haramosh Tehsil Danyore Dist. Gilgit,,0355-5198286,,Both
74,Gilgit,Gilgit,BHU Nomal,Basic Health Unit Nomal Tehsil & Dist. Gilgit,,0355-5202601,,Both
75,Gilgit,Gilgit,CH Jagir Basin,Civil Hospital Jagir Basin UC Sharote Shikyote Tehsil & Dist. Gilgit,,0355-5226801,,Both
76,Gilgit,Danyore,Sehat Foundation Hospital,Sehat Foundation Danyore Dist. Gilgit,,0344-6769218,,Both
77,Gilgit,Gilgit,"Aga Khan Medical Center, Gilgit",Aga Khan Medical Hospital Chilmesh Dass Gilgit,,0342-9898877,,Both
78,Gilgit,Gilgit,Family Health Hospital,Family Health Hospital Jutial Shahrah Quaid Azam Gilgit,,0312-8362170,,Both
79,Gilgit,Jugote,CD Pari,"Village Pari UC  Sai Bala, Gilgit",,0346 9547163,,Both
80,Gilgit,Jugote,ACD Chakarkote,"Village Chakarkote UC Sai Bala, Gilgit",,0346 9547163,,Both
81,Gilgit,Daniyore,BHU Jalalabad,"Village & UC Jalalabad, Gilgit",,346 9547163,,Both
82,Gilgit,Daniyore,AKHS Daniyore,AKHS Daniyore Gilgit,,346 9547163,,Both
83,Gilgit,Daniyore,CD Jutal,"Village Jutal UC Rahimabad, Gilgit",,346 9547163,,Both
84,Gilgit,Daniyore,CD Oshikhan Das,"Village Oshikhandas UC Jalalabad, Gilgit",,346 9547163,,Both
85,Gilgit,Gilgit,AKHS Nomal,Village & UC Nomal Gilgit,,346 9547163,,Both
86,Gilgit,Daniyore,CD Sultan Abad,"Village Sultanabad UC & Tehsil Daniyore, Gilgit",,346 9547163,,Both
87,Gilgit,Gilgit,CD Shikyote,"Village & UC Sharote Shikyote, Gilgit",,346 9547163,,Both
88,Nagar,Nagar-2,RHC Chalt,Regional Health Center Chalt,,0316-1973975,,Both
89,Nagar,Nagar-2,CH Skiandarabad,Civil Hospital Sikandarabad Nagar,,0312-9948982,,Both
90,Nagar,Nagar 2,CH Ghulmet,Civil Hospital Ghulmet Nagar,,0312-0407020,,Both
91,Nagar,Nagar 1,CH Askurdass,Civil Hospital Askurdass Nagar,,0316-5735299,,Both
92,Nagar,Nagar 1,CH Nagar Khas,Civil Hospital Nagar khas UC Nagar Hisper Tehsil Nagar-1,,0316-9003064,,Both
93,Nagar,Nagar 1,BHU Hoper,Basic Health Unit Village Hoper UC Hoper,,0312-9762415,,Both
94,Nagar,Nagar 1,AKHS Jaffarabad,Village Jaffarabad Nagar,,0312-2996168,,Both
95,Nagar,Nagar 1,CD Phekar,Village Phekar Nagar,,0312-9707450,,Both
96,Ghizer,Punyal,DHQ Gahkuch,District Head Quarter Hospital Gahkuch Ghizer,,0355-5256107,,Both
97,Ghizer,Gupis,THQ Gupis,Tehsil Headquarter Hospital Gupis Dist. Ghizer,,0355-4538775,,Both
98,Ghizer,Punyal,CH Singul,Civil Hospital SINGUL Ghizer,,0316-5002430,,Both
99,Ghizer,Ishkoman,CH Chatorkhand,Civil Hospital Chatorkhand Ishkoman Ghizer,,0355-5202483,,Both
100,Ghizer,Punyal,MCH Sherqilla,Sherqillaha Gahkuch,,0355-5158718,,Both
101,Ghizer,Yasin,ACD Hundur,A-Class Dispensary Village Hundur,,0355-4170005,,Both
102,Ghizer,Phandar,BHU Shamarn,Basic Health Unit Village Shamaran UC Phandar,,0355-5133594,,Both
103,Ghizer,Ishkoman,ACD Immit,A-Class Dispensary Village Immit Tehsil Ishkomen Ghizer,,0355-4128356,,Both
104,Ghizer,Punyal,DHO Office Gahkuch AVC,District Health Officer Gahkuch Ghizer,,0355-5353222,,Both
105,Ghizer,Yasin,CH Thaus,Civil Hospital TAUS Yasin Ghizer,,0312-9717399,,Both
106,Ghizer,Punyal,AKHSP Center Sherqilla,Village & UC Sherqillah District Ghizer,,0355-4487847,,Both
107,Ghizer,Punyal,ACD Gahkuch Bala,Gahkuch Bala UC Gahkuch District Ghizer,,0355-4367878,,Both
108,Ghizer,Ishkoman,AKHSP Center Chatorkhand,AKHSP Center Chatorkhand Ishkoman Ghizer,,0355-4538976,,Both
109,Ghizer,Ishkoman,AKHSP Center Immit,AKHSP Center Village Immit Tehsil Ishkomen Ghizer,,0355-4487969,,Both
"",,,,,,355-5420264,,
111,Ghizer,Yasin,AKHSP Thoi,AKHSP Center Thoi Yasin Ghizer,,355-4538970,,Both
112,Ghizer,Phandar,AKHSP Center Phander,AKHSP Center Phander UC & Tehsil Phander  District Ghizer,,355-5761997,,Both
113,Ghizer,Phandar,AKHSP Center Hurkush,AKHSP Center Hurkush UC & Tehsil Phander  District Ghizer,,355-5078929,,Both
114,Ghizer,Gupis,AKHSP Center Jandarote,AKHSP Center Jandarote UC & Tehsil Gupis District Ghizer,,355-4487972,,Both
115,Ghizer,Yasin,ACD Thoe,A-class Dispensary Thoi Yasin,,355-5629297,,Both
116,Hunza,Aliabad,CH Aliabad,Civil Hospital Aliabad Hunza,,346-5729645,,Both
117,Hunza,Gulmit Gojal,CH Gulmit,Civil Hospital Gulmit Teshil Gulmit Gojal Hunza,,340-8620916,,Both
118,Hunza,Aliabad,CH KHANABAD,Khanabad Hunza,,344-2959693,,Both
119,Hunza,Aliabad,CD Altit,"Civil Dispensary Altit, Karimabad Hunza",,317-5550771,,Both
120,Hunza,Gulmit Gojal,BHC Sost,"Basic Health Unit Sost, Gojal 2 Hunza",,344-5902728,,Both
121,Hunza,Gulmit Gojal,CD Kirmin,"Civil Dispensary Kirmin, Chipurson Gojal District Hunza",,343-0601245,,Both
122,Hunza,Aliabad,CHC Aliabad (AKHSP),"Aga Khan Medical Center Aliabad, District Hunza",,343-0601245,,Both
123,Hunza,Aliabad,CH Karimabad,Karimabad Hunza,,343-7123090,,Both
"",,,ISLAMABAD,
Ser#,Tehsil,AVC Name,Address,Contact Number
1,Islamabad,Quaid E Azam International Hospital,"Peshawar Rd, near Golra Morr ?H-13, Islamabad",051-8449100
2,Islamabad,NIRM Hospital,"Street 9, G-8/2 G 8/2 G-8, Islamabad",051-9262213
3,Islamabad,Akbar Niazi Teaching Hospital,Near Murree Express Highway Islamabad,051-8153000
4,Islamabad,IHITC,"Mohran Jejan, Islamabad",051-9334329
5,Islamabad,RHC SIHALA,"Markaz Stop, Kahuta Rd, Sihala, Islamabad",051-9261792
6,Islamabad,Social Security Hospital,I-12 Islamabad,051-9278157
7,Islamabad,PIMS Hospital,G-8/3 Islamabad,051-9261170
8,Islamabad,Maroof International Hospital,"10th Ave, F-10 Markaz F 10/3, Islamabad",051-111644911
9,Islamabad,RHC Barakahu,"Bhara Kahu, Islamabad",051-9261210
10,Islamabad,Polyclinic Hospital,"Luqman Hakeem Rd, G-6/2, Islamabad",051-9220379
11,Islamabad,Federal General Hospital,Chakshahzad Islamabad,051-8441197
12,Islamabad,CDA Hospital G-6/2,G-6 Islamabad,051-9221334
13,Islamabad,RHC Tarlai,Near Taramari Chowk Islamabad,051-9247403
14,Islamabad,CDA Medical Center G-9,G-9 Markaz Islamabad,051-9330223
15,Islamabad,"Mobile Vaccination Center (NIH), Islamabad",Islamabad,051-9255566
16,Islamabad,KRL Hospital,"G- Kashmir Hwy, 1, Service Road South, G 9/1 G-9, Islamabad",051-9106346
17,Islamabad,BHU Jagyot,"Near Islamabad Model School, Jagiot",051-9261792
18,Islamabad,Dispensary Model Town Humak,Jawa Road Model Town Humak,051-9261792
19,Islamabad,BHU Rawat,"Main GT Road, Ward 1, Rawat",051-9261792
20,Islamabad,BHU Bhukkar,"Toot stop Haran Mera Road, Bhukkar,  Koral",051-9261792
21,Islamabad,CHC Shah Allah Ditta,"Golra Road, Village Shah Allah Ditta",051-9261792
22,Islamabad,"Advanced Diagnostic Lab, G-8 Markaz",Executive complex G8 markaz Islamabad,051-8446999
23,Islamabad,Citizen Club F-9 Mass Vaccination Center,"Adjacent Gate 4 (Fatima Jinnah Park, 9th Ave, F-9, Islamabad",051-9261792
24,Islamabad,Advanced Labs Pvt Limited,"Shop No 15, Ground Floor, crescent Arcade, plot No. 20-C, G-8 Markaz",051-8896474
25,Islamabad,Uhealth Pvt Limited,"Kortana Mor, Opposite Gate 4, DHA Phase II, Main GT Road, Isb",051-3757507 / 3757523
KP,,,,,
District,Tehsil,AVC Name,Address,"ContactNo","Designatedfor(HCW,Citizen)"
ABBOTTABAD,ABBOTTABAD,Ayub Teaching Hospital,Ayub Teaching Hospital,0312 9191346,Both
ABBOTTABAD,ABBOTTABAD,BBS Hospital,BBS Hospital,0333-9111666,Both
ABBOTTABAD,ABBOTTABAD,CH Boi,CH Boi,0345-5930880,Both
ABBOTTABAD,ABBOTTABAD,CH Khaira Gali,CH Khaira Gali,0330-2444344,Both
ABBOTTABAD,ABBOTTABAD,CH Nathia Gali,CH Nathia Gali,0333-2893338,Both
ABBOTTABAD,ABBOTTABAD,CH Sherwan,CH Sherwan,0340-5842050,Both
ABBOTTABAD,ABBOTTABAD,Khanaspur (Ayubia),Khanaspur (Ayubia),0300-9044778,Both
ABBOTTABAD,ABBOTTABAD,RHC Kalapani,RHC Kalapani,0343-9240141,Both
ABBOTTABAD,HAVELIAN,RHC Lora,RHC Lora,0345-9588660,Both
ABBOTTABAD,HAVELIAN,RHC Mohri Bad Bahen,RHC Mohri Bad Bahen,0334-1637637,Both
ABBOTTABAD,ABBOTTABAD,BHU Bakote,"Marri Road, Bakot Abboatabbad",0345-8166051,Both
ABBOTTABAD,HAVELIAN,Type-D Hospital Havelian,Type-D Hospital Havelian,0312-5566615,Both
ABBOTTABAD,ABBOTTABAD,BHU Bakote,BHU Bakote,,Both
ABBOTTABAD,ABBOTTABAD,Police Hospital,Police Hospital Abbotabad,,Both
Abbottabad,Abbottabad,TBC,TBC,0333-5067280,Both
BAJAUR,BAR CHAMER KAND,DHQ Khar,DHQ Khar,0345-9152455,Both
BAJAUR,Utman kheel,Arang,Arang,0321-7393921,Both
BAJAUR,Barang,Barang,Barang,0300-3163606,Both
BAJAUR,Salarzai,Type D Pashat,Pashat,0306-8056260,Both
BANNU,DOMEL,KGN Hospital,KGN Hospital,0313-9114937,Both
BANNU,DOMEL,RHC Domel,RHC Domel,0334-8807557,Both
BANNU,BANNU,RHC Ghoriwala,RHC Ghoriwala,0334-5136550,Both
BANNU,BANNU,Type D Hospital Kakki 2,Type D Hospital Kakki 3,0335-9191233,Both
BANNU,BANNU,CD Chandani Chowk,CD Chandani Chowk,0314-9402305,Both
BANNU,BANNU,BHU Zargar Mama Khel,BHU Zargar Mama Khel,0332-9802979,Both
BANNU,Bakka Khel,BHU Manik Khel,BHU Manik Khel,0300-9066143,Both
BANNU,Bakka Khel,BHU Amandi,BHU Amandi,0332-9451372,Both
BANNU,BANNU,BHU Khwaja Mad,BHU Khwaja Mad,0303-8486215,Both
BANNU,BANNU,BHU Mendew,BHU Mendew,0334-8811775,Both
BANNU,BANNU,CD Mubarak Din,CD Mubarak Din,0333-9412037,Both
BANNU,Bakka Khel,Lalo Zai,Lalo Zai,0332-9345823,Both
BANNU,BANNU,BHU Mali Khel,Mali Khell Bannu,,Both
BANNU,BANNU,Police Hospital,Bannu,,Both
BANNU,BANNU,BHU Gul Akram,Gul Akram,,Both
BANNU,BANNU,DHQ,DHQ Bannu,,Both
BATAGRAM,BATAGRAM,DHQ Battagram,DHQ Battagram,0303-8468230,Both
BATAGRAM,BATAGRAM,MCH Centre Ajmera,MCH Centre Ajmera,0303-8468230,Both
BATAGRAM,BATAGRAM,RHC Kuza Banda,RHC Kuza Banda,0314-4207679,Both
BATAGRAM,BATAGRAM,RHC Thakot,RHC Thakot,0344-9475875,Both
BATAGRAM,ALLAI,tyep-D Banna,tyep-D Banna,0345-3760661,Both
BUNER,MANDANR,CH Chamla / Nawagai,CH Chamla / Nawagai,0305-9252955,Both
BUNER,KHADO KHEL,CH Totalai,CH Totalai,0344-9604202,Both
BUNER,DAGGAR,DHQ(Hospital) Daggar,DHQ(Hospital) Daggar,0332-9898888,Both
BUNER,GAGRA,RHC Dewanbaba,RHC Dewanbaba,0333-9691942,Both
BUNER,DAGGAR,RHC Jowar,RHC Jowar,0345-5732689,Both
BUNER,MANDANR,RHC Nagrai,RHC Nagrai,0344-0610578,Both
BUNER,GAGRA,RHC Sarqala/ Gulbandai,RHC Sarqala/ Gulbandai,0343-9389330,Both
BUNER,DAGGAR,THQ Pacha,THQ Pacha,0333-9696531,Both
CHARSADDA,CHARSADDA,BHU Muhammad Nari,BHU Muhammad Nari,0304-5270647,Both
CHARSADDA,CHARSADDA,BHU Umerzai Upgraded to RHC,BHU Umerzai Upgraded to RHC,0346-9484786,Both
CHARSADDA,SHABQADAR,CH Shabqadar Upgraded to Cat,CH Shabqadar Upgraded to Cat,0311-0843030,Both
CHARSADDA,CHARSADDA,DHQ Charsadda,DHQ Charsadda,0333-9015031,Both
CHARSADDA,SHABQADAR,RHC Battagram,RHC Battagram,0314-9160346,Both
CHARSADDA,TANGI,RHC Jamal Abad,RHC Jamal Abad,0334-4421521,Both
CHARSADDA,TANGI,RHC Sherpao,RHC Sherpao,0345-9195176,Both
CHARSADDA,TANGI,THQ Tangi,THQ Tangi,0333-9154622,Both
CHITRAL,CHITRAL SUB-,"BHU Moroi, Kooh","BHU Moroi, Kooh",0300-5906783,Both
CHITRAL,CHITRAL SUB-,DHQ Gyni Block Chitral A,DHQ Gyni Block Chitral A,0300-9752488,Both
CHITRAL,CHITRAL SUB-,Rural Health Center Arando,Rural Health Center Arando,0346-9894088,Both
CHITRAL,CHITRAL SUB-,Rural Health Center Ayun,Rural Health Center Ayun,0346-0811811,Both
CHITRAL,MASTUJ (BOONI),Rural Health Center Drasun,Rural Health Center Drasun,3469329513,Both
CHITRAL,MASTUJ (BOONI),Rural Health Center Mastuj,Rural Health Center Mastuj,0345-8098498,Both
CHITRAL,MASTUJ (BOONI),Rural Health Center Shagram,Rural Health Center Shagram,0344-9603080,Both
CHITRAL,MASTUJ (BOONI),THQ Hospital Booni Charun,THQ Hospital Booni Charun,0344-9546076,Both
CHITRAL,CHITRAL SUB-,THQ Hospital Drosh B,THQ Hospital Drosh B,0345-9293692,Both
CHITRAL,CHITRAL SUB-,THQ Hospital G.Chashma,THQ Hospital G.Chashma,0345-1506004,Both
D. I. KHAN,D.I.KHAN,MMM Hospital,MMM Hospital,0336-9100419,Both
D. I. KHAN,PAHARPUR,THQ Hospital  Pahar Pur.,THQ Hospital  Pahar Pur.,0345-9831167,Both
D. I. KHAN,PAROA,THQ Hospital Paroa.,THQ Hospital Paroa.,0345-8791684,Both
D. I. KHAN,Panyala,Type D Panyala,Type-D Hospital Panyala,0305-9894804,Both
D. I. KHAN,Daraban Kalan,CH Daraban Kalan,THQ Hospital Kulachi,0333-9952437,Both
D. I. KHAN,Kulachi,Type D Kulachi,THQ Hospital Kulachi,0333-9980899,Both
D. I. KHAN,Dewala,Civil Hospital Police Line,Police line Hospital D.I.Khan,0344-9300068,Both
D. I. KHAN,Dewala,RHC Kot Jai,RHC Kot Jai,,Both
D. I. KHAN,D. I. KHAN,RHC Band Kurai,,,Both
D. I. KHAN,D. I. KHAN,DHQ Teaching Hospiatal,,,Both
Dera Ismail Khan,DI Khan,Police line Hospital D.I.Khan,Police line Hospital D.I.Khan,0344-9300068,Both
HANGU,HANGU,DHQ Hospital Hangu,DHQ Hospital Hangu,0334-9009104,Both
HANGU,HANGU,Sheed Fareed Khan Hospital,Sheed Fareed Khan Hospital,0343-1955406,Both
HANGU,TALL,Thall Urban,Thall Urban,0306-8518786,Both
HARIPUR,HARIPUR,CD Kot Najibullah,CD Kot Najibullah,0305-9349975,Both
HARIPUR,HARIPUR,Civil Hospital KTS,Civil Hospital KTS,0333-0928292,Both
HARIPUR,HARIPUR,Civil Hospital Rehana,Civil Hospital Rehana,0335-5851719,Both
HARIPUR,HARIPUR,DHQ Hospital Haripur,DHQ Hospital Haripur,0315-5046070,Both
HARIPUR,GHAZI,Type D Hospital Ghazi,Type D Hospital Ghazi,0310-5688231,Both
HARIPUR,KHAN PUR,Type D Hospital Khanpur,Type D Hospital Khanpur,0300-5615247,Both
HARIPUR,HARIPUR,Type D Hospital SNK,Type D Hospital SNK,0334-5651883,Both
HARIPUR,HARIPUR,Civil Hospital Kotla,,,Both
HARIPUR,HARIPUR,RHC Hali,,,Both
HARIPUR,HARIPUR,RHC Kalinger,,,Both
HARIPUR,HARIPUR,RHC Sirikot,,,Both
HARIPUR,HARIPUR,RHC Narra Amazai,,,Both
KARAK,BANDA DAUD SHAH,Civil Hospital Bahadur Khel,Civil Hospital Bahadur Khel,0333-9189431,Both
KARAK,BANDA DAUD SHAH,Civil Hospital Gurguri,Civil Hospital Gurguri,0345-9393603,Both
KARAK,KARAK,Civil Hospital Latember,Civil Hospital Latember,0333-9659794,Both
KARAK,TAKHAT NASRATI,Civil Hospital Takhti Nasrati,Civil Hospital Takhti Nasrati,0300-5937046,Both
KARAK,KARAK,DHQ Hospital Karak,DHQ Hospital Karak,0333-9712389,Both
KARAK,TAKHAT NASRATI,RHC Ahmad Abad,RHC Ahmad Abad,0333-9716453,Both
KARAK,KARAK,RHC Janduri,RHC Janduri,0334-9295741,Both
KARAK,BANDA DAUD SHAH,RHC Nari Panus,RHC Nari Panus,0315-9359832,Both
KARAK,KARAK,RHC Sabir Abad,RHC Sabir Abad,0335-5507260,Both
KARAK,TAKHAT NASRATI,RHC Shenawa Gudi Khel,RHC Shenawa Gudi Khel,0333-9550187,Both
KARAK,BANDA DAUD SHAH,THQ BD Shah,THQ BD Shah,0333-9604773,Both
KARAK,KARAK,woman&Children Hospital Karak,woman&Children Hospital Karak,0332-8564853,Both
KARAK,HARIPUR,CH Terri,,,Both
KHYBER,LANDI KOTAL,DHQ LandiKotal,DHQ LandiKotal,0333-9114878,Both
KHYBER,JAMRUD,Type-D Hospital Jamrud,Type-D Hospital Jamrud,0336-9843397,Both
KHYBER,,THQ Doger,THQ Doger,,Both
KOHAT,LACHI,CH Shakardara,CH Shakardara,0333-9019809,Both
KOHAT,KOHAT,District Headquarter Hosptial KDA Kohat,District Headquarter Hosptial KDA Kohat,0336-9942199,Both
KOHAT,KOHAT,Police Hospital Kohat.,Police Hospital Kohat.,0323-9696779,Both
KOHAT,KOHAT,RHC Billitang,RHC Billitang,0345-9392371,Both
KOHAT,KOHAT,RHC Chorlakki,RHC Chorlakki,0316-5599403,Both
KOHAT,KOHAT,RHC Gumbat,RHC Gumbat,0333-9118845,Both
KOHAT,LACHI,RHC Lachi,RHC Lachi,0317-9717157,Both
KOHAT,KOHAT,RHC UsterzaI,RHC UsterzaI,0333-9621085,Both
KOHAT,KOHAT,CH Zarghun Khel,CH Zarghun Khel,,Both
KOHAT,KOHAT,BHU Sheen Daud,BHU Sheen Daud,,Both
KOHISTAN,PALAS SUB-,BHU Batira,BHU Batira,0345-9499012,Both
KOHISTAN,PALAS SUB-,BHU Shalkhanabad,BHU Shalkhanabad,0345-4490356,Both
KOHISTAN,DASSU SUB-,RHC Dassu,RHC Dassu,0313-5867427,Both
KOHISTAN,DASSU SUB-,RHC Shaitial,RHC Shaitial,,Both
KOHISTAN,DASSU SUB-,BHU Jalkot,BHU Jalkot,,Both
KOHISTAN,DASSU SUB-,BHU Seo,BHU Seo,,Both
KOHISTAN,DASSU SUB-,BBHU Razika,BBHU Razika,,Both
KOHISTAN,PATTAN SUB-,RHC Ranolia,RHC Ranolia,0345-9601948,Both
KOHISTAN,PATTAN SUB-,THQ Pattan,THQ Pattan,0346-9795120,Both
KURRAM,UPPER KURRAM,DHQ Parachinar,DHQ Parachinar,0304-9429371,Both
KURRAM,LOWER KURRAM,THQ Sadda,THQ Sadda,0305-9624244,Both
KURRAM,LOWER KURRAM,THQ Ali Zai,THQ Ali Zai,0305-1016645,Both
KURRAM,UPPER KURRAM,Zanana Hospital Parachinar,Zanana Hospital Parachinar,0306-8938241,Both
Kurram,LOWER KURRAM,THQ Doger,,,Both
LAKKI MARWAT,LAKKI MARWAT,City Hospital Lakki,City Hospital Lakki,0313-9118816,Both
LAKKI MARWAT,SARAI NAURANG,MCH Center Sarai Naurang,MCH Center Sarai Naurang,0331-8867508,Both
LAKKI MARWAT,LAKKI MARWAT,Taja Zai,Taja Zai,0333-0935860,Both
LOWER DIR,SAMARBAGH,Cat D Hospital Munda,Cat D Hospital Munda,0334-5447863,Both
LOWER DIR,SAMARBAGH,Cat: D Hospital Mayar,Cat: D Hospital Mayar,0302-8931177,Both
LOWER DIR,TIMERGARA,DHQ Hospital Timergara,DHQ Hospital Timergara,0345-9520855,Both
LOWER DIR,TIMERGARA,RHC Khall,RHC Khall,0346-9842005,Both
LOWER DIR,LALQILA,RHC Lalqilla,RHC Lalqilla,0300-9074355,Both
LOWER DIR,TIMERGARA,RHC Talash,RHC Talash,0344-1981164,Both
LOWER DIR,ADENZAI,THQ Hospital Chakdara,THQ Hospital Chakdara,0346-8899489,Both
LOWER DIR,SAMARBAGH,THQ Hospital Samarbagh,THQ Hospital Samarbagh,0345-9123809,Both
"MALAKAND PAREA",BAT KHELA,Civil Hospital Loe Agra,Civil Hospital Loe Agra,0333-8264960,Both
"MALAKAND PAREA",BAT KHELA,DHQ Hospital Batkhela lower,DHQ Hospital Batkhela lower,0316-7717772,Both
"MALAKAND PAREA",BAT KHELA,RHC Palai,RHC Palai,0343-4630431,Both
"MALAKAND PAREA",DARGAI,RHC Sakhakot khass,RHC Sakhakot khass,0335-5657680,Both
"MALAKAND PAREA",DARGAI,THQ Hospital Dargai,THQ Hospital Dargai,0314-9925494,Both
"MALAKAND PAREA",Batkhella,CH Thana Khass,CH Thana Khass,,Both
"MALAKAND PAREA",DARGAI,RHC Dheri,RHC Dheri,,Both
"MALAKAND PAREA",DARGAI,RHC Kot,RHC Kot,,Both
"MALAKAND PAREA",Batkhella,RHC Julagram,RHC Julagram,,Both
MANSEHRA,BALA KOT,RHC Ghari Habib Ullah,RHC Habib Ullah,0300-5043075,Both
MANSEHRA,OGHI,C.H.Oghi,C.H.Oghi,0345-5044388,Both
MANSEHRA,MANSEHRA,R H C Shinkari,R H C Shinkari,0322-9229712,Both
MANSEHRA,MANSEHRA,RHC LASSAN Nawab,RHC LASSAN Nawab,0300-9114533,Both
MANSEHRA,BALA KOT,T.H.Q.Balakot,T.H.Q.Balakot,0300-5642550,Both
MANSEHRA,MANSEHRA,king Abdullah Teaching Hospital Mansehra,king Abdullah Teaching Hospital Mansehra,0315-8110766,Both
MANSEHRA,MANSEHRA,Type D Baffa,Type D Baffa,0333-5023484,Both
MANSEHRA,MANSEHRA,RHC Chattar,RHC Chattar,0333-5068870,Both
MANSEHRA,MANSEHRA,GMH Dadar,GMH Dadar,0333-9448467,Both
MANSEHRA,MANSEHRA,RHC Darband,RHC Darband,,Both
MANSEHRA,MANSEHRA,RHC Shinkiari,RHC Shinkiari,,Both
MANSEHRA,MANSEHRA,RHC Kawai,RHC Kawai,,Both
MANSEHRA,MANSEHRA,DHO Office Mansehra,DHO Office Man,,Both
MARDAN,MARDAN,DHQ Hospital Mardan,DHQ Hospital Mardan,0300-5921350,Both
MARDAN,MARDAN,Mardan Medical Complex Mardan,Mardan Medical Complex Mardan,0333-9298814,Both
MARDAN,TAKHT BHAI,THQ Takht Bhai,THQ Takht Bhai,0333-9191353,Both
MARDAN,MARDAN,Type-D Hospital Rustam,Type-D Hospital Rustam,0343-9155597,Both
MARDAN,Katlang,TDH Katlang,TDH Katlang,0344-9027998,Both
MARDAN,Garhi Kapoora,TDH Shahbaz Garhi,TDH Shahbaz Garhi,0333-9863010,Both
MARDAN,Mardan,TDH Toru,TDH Toru,,Both
MARDAN,TAKHT BHAI,TDH Lundkhwar,TDH Lundkhwar,,Both
MOHMAND,AMBAR UTMAN KHEL,DHQ Ghallanai,DHQ Ghallanai,0347-2125403,Both
MOHMAND,YAKE GHUND,RHC Ekkaghund,RHC Ekkaghund,0333-9175738,Both
MOHMAND,UPPER MOHMAND,THQ Mamadgat,THQ Mamadgat,0301-1134711,Both
N WAZIRISTAN,MIRAN SHAH,DHQ Miranshah City,DHQ Miranshah City,0332-1962227,Both
N WAZIRISTAN,Mir Ali,THQ Mir Ali,THQ Mir Ali,0334-0939497,Both
NOWSHERA,PABBI,CAT-D Hospital Ismail Khel,CAT-D Hospital Ismail Khel,0334-5794057,Both
NOWSHERA,JEHANGIRA,CH- Akora Khattak,CH- Akora Khattak,0344-8977208,Both
NOWSHERA,NOWSHERA,Cat D Hospital-Manki Sharif,Cat D Hospital-Manki Sharif,0302-8318682,Both
NOWSHERA,NOWSHERA,District Head Quarter Hospital Nowshera,District Head Quarter Hospital Nowshera,0300-5712208,Both
NOWSHERA,PABBI,Mian Rashid Hussain Shaheed Memorial Hospital Pabbi,Mian Rashid Hussain Shaheed Memorial Hospital Pabbi,0333-7000821,Both
NOWSHERA,NOWSHERA,Qazi Hussain Ahmad Medical Complex,Qazi Hussain Ahmad Medical Complex,0310-8869240,Both
NOWSHERA,NOWSHERA,RHC Pirpai,RHC Pirpai,0347-4443668,Both
NOWSHERA,JEHANGIRA,RHC-Khairabad,RHC-Khairabad,0301-3016761,Both
NOWSHERA,NOWSHERA,CH Ziarat Kaka Sahib,CH Ziarat Kaka Sahib,0346-9268198,Both
NOWSHERA,NOWSHERA,RHC Kheshgi Payan,RHC Kheshgi Payan,0300-5778177,Both
NOWSHERA,NOWSHERA,RHC Akbar Pura,RHC Akbar Pura,0314-9097494,Both
ORAKZAI,LOWER,CH Kalaya,CH Kalaya,0333-9545733,Both
ORAKZAI,CENTRAL,DHQ Mishti Mela,DHQ Mishti Mela,0332-9514550,Both
ORAKZAI,LOWER,RHC Kuraiz,RHC Kuraiz,0922-211311,Both
ORAKZAI,LOWER,THQ Ghaljo,THQ Ghaljo,,Both
PESHAWAR,PESHAWAR,Hayat Abad Medical Complex Hayatabad 1,Hayat Abad Medical Complex Hayatabad 2,0300-5669116,Both
PESHAWAR,PESHAWAR,Khyber Teaching Hospital University Town,Khyber Teaching Hospital University Town,0333-9677767,Both
PESHAWAR,PESHAWAR,Lady Reading Hospital Jehangir pura,Lady Reading Hospital Jehangir pura,0333-9247988,Both
PESHAWAR,PESHAWAR,MCHC Mattani,MCHC Mattani,0345-9146891,Both
PESHAWAR,PESHAWAR,Molvi Gee Hospital Shahi Bagh,Molvi Gee Hospital Shahi Bagh,0333-9248443,Both
PESHAWAR,PESHAWAR,Naseerullah Khan Baber Hospital Deh Bahader,Naseerullah Khan Baber Hospital Deh Bahader,0300-5829545,Both
PESHAWAR,PESHAWAR,Patwar Bala,Patwar Bala,0333-5947474,Both
PESHAWAR,PESHAWAR,Police Services Hospital Cantt 5,Police Services Hospital Cantt 6,0919223472,Both
PESHAWAR,PESHAWAR,RHC Badber Maryam Zai,RHC Badber Maryam Zai,0300-5829545,Both
PESHAWAR,PESHAWAR,RHC Gara Tajik Gahri Sher Dad,RHC Gara Tajik Gahri Sher Dad,0300-5987986,Both
PESHAWAR,PESHAWAR,RHC Nahaqi,RHC Nahaqi,0312-8061234,Both
PESHAWAR,PESHAWAR,RHC Regi,RHC Regi,0333-5042588,Both
PESHAWAR,PESHAWAR,RHC Takht Abad,RHC Takht Abad,0333-5060604,Both
PESHAWAR,PESHAWAR,IDH Sifat Gayor,,0333-9296510,Both
Peshawar,Peshawar,Public Health School (Lahori),Public Health School (Lahori),0333-9117845,Both
Peshawar,Peshawar,Post Graduate Nursing School,Post Graduate Nursing School,0343-9298076,Both
Peshawar,Peshawar,MV1 Peshawar(A),,,Both
Peshawar,Peshawar,MV2 Peshawar(M),,,Both
Peshawar,Peshawar,MV3 Peshawar(W),,,Both
S WAZIRISTAN,WANA,DHQ Hospital Wana,DHQ Hospital Wana,0331-6404041,Both
S WAZIRISTAN,SERWEKAI,THQ Hospital MKS,THQ Hospital MKS,0334-3099543,Both
S WAZIRISTAN,BIRMIL,THQ Hospital Shulam,THQ Hospital Shulam,0335-1836894,Both
S WAZIRISTAN,TOI KHULLA,THQ Hospital Toikhula,THQ Hospital Toikhula,0320-8557235,Both
SHANGLA,ALPURI,BHU Martung,BHU Martung,0344-5186359,Both
SHANGLA,ALPURI,DHQ Hospital Alpuri,DHQ Hospital Alpuri,0346-9703939,Both
SHANGLA,PURAN,Puran Medical Complex Aloch,Puran Medical Complex Aloch,0344-5582456,Both
SHANGLA,ALPURI,RHC Chakisar,RHC Chakisar,0345-5987657,Both
SHANGLA,ALPURI,RHC Karora,RHC Karora,0348-8869310,Both
SHANGLA,ALPURI,THQ (Hospital) Besham,THQ (Hospital) Besham,0346-9638515,Both
SHANGLA,Shangla,BHU Chawga,BHU Chawga,,Both
SHANGLA,Shangla,CD Shapur,CD Shapur,,Both
SHANGLA,Shangla,Bhu Kamach,Bhu Kamach,,Both
SWABI,SWABI,BHU Beka,BHU Beka,0313-9943948,Both
SWABI,SWABI,BHU Jhanda,BHU Jhanda,0345-5078278,Both
SWABI,TOPI,BHU Kotha,BHU Kotha,0345-9492066,Both
SWABI,SWABI,Bacha Khan Medical Complex Shah Mansoor,Bacha Khan Medical Complex Shah Mansoor,0345-9271964,Both
SWABI,RAZZAR,CH Kalu Khan,CH Kalu Khan,0310-7071048,Both
SWABI,TOPI,CH Topi,CH Topi,0310-5128512,Both
SWABI,TOPI,CH kabgani,CH kabgani,0300-9016828,Both
SWABI,SWABI,DHQ hospital swabi khas,DHQ hospital swabi khas,0312-9502051,Both
SWABI,SWABI,RHC  Marghuz,RHC  Marghuz,0345-9106569,Both
SWABI,RAZZAR,RHC  Sheikh Jana,RHC  Sheikh Jana,0342-9872926,Both
SWABI,LAHOR,RHC Ambar Kunda,RHC Ambar Kunda,0300-5684137,Both
SWABI,RAZZAR,RHC Shewa,RHC Shewa,0334-9629344,Both
SWABI,LAHOR,RHC Tordher,RHC Tordher,0345-8980759,Both
SWABI,RAZZAR,RHC Yar Hussain West,RHC Yar Hussain West,0348-0988426,Both
SWABI,LAHOR,THQ Lahor,THQ Lahor,0313-5872094,Both
SWAT,BARIKOT,CH Barikot,CH Barikot,0345-9281010,Both
SWAT,KABAL,CH Kabal,CH Kabal,0300-5740043,Both
SWAT,BAHRAIN,CH Kalam,CH Kalam,0343-9297981,Both
SWAT,KHWAZA KHELA,CH Khawazakhela,CH Khawazakhela,0341-6828282,Both
SWAT,BAHRAIN,CH Madyan,CH Madyan,0345-9454849,Both
SWAT,BABOZAI,CH Manglore,CH Manglore,0303-2206878,Both
SWAT,BABOZAI,STH Saidu Wing,STH Saidu Wing,0334-9339336,Both
SWAT,MATTA,ZKS/THQ Hospital Matta,ZKS/THQ Hospital Matta,0342-2813066,Both
SWAT,,RHC Chuprial,RHC Chuprial,,Both
SWAT,,RHC Darmai,RHC Darmai,,Both
SWAT,,RHC Devlai,RHC Devlai,,Both
SWAT,BABOZAI,Wadodia Hall,Near Janzeb Collage Sido Shareef sawat,0343-9297915,Both
SWAT,KHWAZA KHELA,BHU Fateh Pur,Khwaza khela,0345-1937054,Both
Swat,Charbagh,BHU Charbagh,BHU Charbagh,,Both
TANK,TANK,DHQ Hospital Tank,DHQ Hospital Tank,0342-9505781,Both
TANK,TANK,RHC AMA KHEL,RHC AMA KHEL,0333-6052939,Both
TANK,TANK,RHC GOMAL BAZAR,RHC GOMAL BAZAR,0333-9963168,Both
TANK,TANK,RHC GUL IMAM,RHC GUL IMAM,0300-9095560,Both
TANK,TANK,BHU Dabbara,BHU Dabbara,,Both
TANK,TANK,BHU Ranwal,BHU Ranwal,,Both
TANK,TANK,CH Jandola,CH Jandola,,Both
TOR GHAR,"TOR GHAR (F.R KALADHAKA)",BHU Dor Maira,BHU Dor Maira,0345-6461621,Both
TOR GHAR,"TOR GHAR (F.R KALADHAKA)",BHU Judba,BHU Judba,0345-9991320,Both
TOR GHAR,"TOR GHAR (F.R KALADHAKA)",BHU Maira mada Khail,BHU Maira mada Khail,0348-1301586,Both
UPPER DIR,SHARINGAL,Cat D Hospital patrak Gharbi,Cat D Hospital patrak Gharbi,0333-9693192,Both
UPPER DIR,DIR,Cat. D Hospital Barawal,Cat. D Hospital Barawal,0302-8366772,Both
UPPER DIR,WARI,Cat. D Hospital Wari,Cat. D Hospital Wari,0301-8811089,Both
UPPER DIR,DIR,DHQ Hospital Dir,DHQ Hospital Dir,0300-5293380,Both
UPPER DIR,WARI,RHC Bandi,RHC Bandi,0300-0246469,Both
UPPER DIR,DIR,RHC Bibyaware,RHC Bibyaware,0301-8155847,Both
UPPER DIR,SHARINGAL,RHC Sheringal,RHC Sheringal,0300-0246469,Both
UPPER DIR,DIR,RHC Tar-pa-Tar,RHC Tar-pa-Tar,0300-8909660,Both
"",,,PUNJAB,,
"",,,,Contact,Designated
District,Tehsil,CVC/ MVC Name,Address,,
"",,,,Number,For
"",,,,Dr Mubashir,
ATTOCK,Jand,Danish School Administration Block Tehsil Jand,Danish School Administration Block Tehsil Jand,,Citizens
"",,,,0302-9360598,
"",,,,Dr Tufail Khan,
"",,,,0306-5432277,
ATTOCK,Attock,Field Hospital District Attock,Field Hospital District Attock,,Citizens
"",,,,Dr Aamir Mehmood,
"",,,,0345-5610668,
"",,,,Dr Babar,
ATTOCK,Hassanabdal,Gymanism building Tehsil Hassanabdal,Gymanism building Tehsil Hassanabdal,,Citizens
"",,,,0342-5558369,
"",,MC Office Tehsil Pindigheb and Adjacanet Rest House Tehsil,,Dr Muddasir,
ATTOCK,Pindigheb,,MC Office Tehsil Pindigheb and Adjacanet Rest House Tehsil Pindiheb,,Citizens
"",,Pindiheb,,0332-5976007,
BAHAWALNAGAR,Fortabbas,Govt Graduate College Hall Fortabbas,Govt Graduate College Hall Fortabbas,0333-8347337,Citizens
BAHAWALNAGAR,Haroonabad,"Multipurpose Hall, Govt. Model High School Haroonabad","Multipurpose Hall, Govt. Model High School Haroonabad",0345-8035247,Citizens
BAHAWALNAGAR,Chistian,"Quaid-e-Azam Acedemy, 4/FW Chishtian","Quaid-e-Azam Acedemy, 4/FW Chishtian",0304-8245968,Citizens
BAHAWALNAGAR,Bahawalnagar,Rice Research Station Bahawalnagar,Rice Research Station Bahawalnagar,0323-4964966,Citizens
"",,,,0331-8220932,
BAHAWALNAGAR,Minchinabad,TMA Hall Minchinabad,TMA Hall Minchinabad,,Citizens
"",,,,0323-1484110,
BAHAWALPUR,Yazman,Baldia Hall Yazman (NEW),Baldia Hall Yazman (NEW),0321-7571727,Citizens
BAHAWALPUR,KPT,DDHO KPT ( New),DDHO KPT ( New),0300-7849689,Citizens
BAHAWALPUR,Bahawalpur,Govt TibIA College Bahawalpur,Govt TibIA College Bahawalpur,0300-8804863,Citizens
BAHAWALPUR,Ahamad pur East,Population office Ahmed Pur,Population office Ahmed Pur,0305-6658108,Citizens
BAHAWALPUR,Hasilpur,TMA Office Hasilpur (NEW),TMA Office Hasilpur (NEW),0301-6573927,Citizens
BAHAWALPUR,Bahawalpur,Special Eductaion Degree College near Civil Hospital,Special Eductaion Degree College near Civil Hospital,0302-6550072,Citizens
BHAKKAR,Bhakkar,Fatima tul Zohra Hospital Tehsil bhakkar,Fatima tul Zohra Hospital Tehsil bhakkar,0300-8760989,Citizens
BHAKKAR,Darya Khan,"Sports Gymnasium, Daryakhan City Tehsil Daryakhan","Sports Gymnasium, Daryakhan City Tehsil Daryakhan",0342-1570396,Citizens
BHAKKAR,Mankera,"TMA, Hall, Mankera City, Tehsil Mankera","TMA, Hall, Mankera City, Tehsil Mankera",0333-6842465,Citizens
BHAKKAR,Kallur Kot,"Town Commettee, Hall, Kallurkot City Tehsil Kallurkot","Town Commettee, Hall, Kallurkot City Tehsil Kallurkot",0316-1747211,Citizens
CHAKWAL,Talagang,Govt. Degree College for Boys,Govt. Degree College for Boys,0331-5867440,Citizens
CHAKWAL,CHAKWAL,"Begum Noor Memorial, Hospital Bhubhar Kal","Begum Noor Memorial, Hospital Bhubhar Kal",0312-8373001,Citizens
CHAKWAL,Choa Saiden shah,Mushtaq Baig Hospital,Mushtaq Baig Hospital,3335902949,Citizens
CHAKWAL,Kallar Kahar,Govt Boys Degree College,Govt Boys Degree College,3335902949,Citizens
CHAKWAL,Talagang,Al Mustafa Trust Hospital,Al Mustafa Trust Hospital,3335902949,Citizens
CHAKWAL,Chakwal,"Umeed  Hospital , Mureed","Umeed  Hospital , Mureed",0336-5978529,Citizens
CHINIOT,Chiniot,Chenab Officer Club Chiniot,Chenab Officer Club Chiniot,0334-6363595,Citizens
CHINIOT,Bhowana,GGHS Bhowana (NEW),GGHS Bhowana (NEW),0345-7706061,Citizens
CHINIOT,Lalian,Population Office Lalian (NEW),Population Office Lalian (NEW),0333-6162224,Citizens
DERA GHAZI,,,,,
"",DG Khan,"Canal Rest House, Medical college, Dera Ghazi Khan","Canal Rest House, Medical college, Dera Ghazi Khan",3328760903,Citizens
KHAN,,,,,
DERA GHAZI,,,,,
"",Taunsa,"Govt. Degree College for Boys, Taunsa, DG Khan","Govt. Degree College for Boys, Taunsa, DG Khan",3328760903,Citizens
KHAN,,,,,
FAISALABAD,Faisalabad,"RHC Khurrianwala, New Building, Faisalabad","RHC Khurrianwala, New Building, Faisalabad",1033,Citizens
FAISALABAD,Jaranwala,Sports Complex Jaranwala,Sports Complex Jaranwala,"0333-6616018,",Citizens
FAISALABAD,Faisalabad,Support Complex Chak Jhumra,Support Complex Chak Jhumra,3006687751,Citizens
FAISALABAD,Faisalabad,"Support complex samanabad, Faisalabad","Support complex samanabad, Faisalabad",3006687751,Citizens
FAISALABAD,Samudari,"THQ Hospital New Building,  Sumandri","THQ Hospital New Building,  Sumandri",3467610671,Citizens
FAISALABAD,Tandlianwala,"THQ Hospital New Building,  Tandlianwala","THQ Hospital New Building,  Tandlianwala",3006687751,Citizens
GUJRANWALA,KAMOKE,AC office Kamoke (NEW),AC office Kamoke (NEW),0300-9644810,Citizens
GUJRANWALA,Gujranwala,Art Council Hall Gujranwala,Art Council Hall Gujranwala,0303-6870324,Citizens
GUJRANWALA,"NOWSHERAVIRKAN",DC Camp office Nowshehra (NEW),DC Camp office Nowshehra (NEW),0322-7640374,Citizens
GUJRANWALA,Gujranwala,DOH OFFICE GUJRANWALA,DOH OFFICE GUJRANWALA,0322-6844130,Citizens
GUJRANWALA,WAZIRABAD,Degree College Wazirabad (NEW),Degree College Wazirabad (NEW),0300-8628268,Citizens
GUJRANWALA,Gujranwala,District Council Hall Gujranwala,District Council Hall Gujranwala,0322-6844130,Citizens
GUJRAT,Gujrat,Gymansium / Field Hospital Gujrat,Gymansium / Field Hospital Gujrat,0314-4877828,Citizens
GUJRAT,Kharian,Muncipal Committee Hall Lala Musa,Muncipal Committee Hall Lala Musa,0335-6646703,Citizens
GUJRAT,Gujrat,Municipal Corporation Library Kunjah,Municipal Corporation Library Kunjah,0347-6349667,Citizens
GUJRAT,Saraialamgir,Rescue 1122 Building Sarai Alamgir,Rescue 1122 Building Sarai Alamgir,0322-4744748,Citizens
GUJRAT,Gujrat,Hashmat Medical College,Hashmat Medical College,3216231488,Citizens
GUJRAT,Kharian,Govt. Associate College for Boys,Govt. Associate College for Boys,3216231488,Citizens
GUJRAT,kharian,Building of Population Walfare Department,Building of Population Walfare Department,3216231488,Citizens
GUJRAT,Gujrat,Govt. Maternity Hospital Tanda,Govt. Maternity Hospital Tanda,3216231488,Citizens
GUJRAT,Kharian,Rural Health Center Dinga,Rural Health Center Dinga,0321-6262542,Citizens
HAFIZABAD,Pindibhatian,Gymansium Pindi Bhattian,Gymansium Pindi Bhattian,0342-0010517,Citizens
HAFIZABAD,Hafizabad,Tehsil Council Hafizabad,Tehsil Council Hafizabad,0342-1460820,Citizens
JHANG,JHANG,Red Cresent Hospital Jhang City,Red Cresent Hospital Jhang City,0321-6508454,Citizens
JHANG,AHMADPUR SIAL,TC Hall GM Raja (NEW),TC Hall GM Raja (NEW),0335-6025056,Citizens
JHELUM,Jhelum,Govt. Cpmprihensive high school for boys Jhelum,Govt. Cpmprihensive high school for boys Jhelum,3455651216,Citizens
JHELUM,PD Khan,"Special Education School, PD khan","Special Education School, PD khan",3346459048,Citizens
JHELUM,Sohawa,"Special Education School, Sohawa","Special Education School, Sohawa",3058781833,Citizens
KASUR,Kasur,District Public School Kasur,District Public School Kasur,0323-2297700,Citizens
KASUR,Chunian,"Govt, Special Education Center Chunian","Govt, Special Education Center Chunian",0322-4942322,Citizens
KASUR,Pattoki,Govt. Degree College for Boys Pattoki,Govt. Degree College for Boys Pattoki,0307-6110166,Citizens
KASUR,Kot Radha Kishan,The Learning School Kot Radha Kishan,The Learning School Kot Radha Kishan,0307-4452428,Citizens
KHANEWAL,Jahanian,"Govt. Degree Girls College, Jahanian","Govt. Degree Girls College, Jahanian",0300-5613000,Citizens
KHANEWAL,Mian Channu,"Municiple Committee Office  Tulamba, Mian Channu","Municiple Committee Office  Tulamba, Mian Channu",0305-8855797,Citizens
KHANEWAL,Khanewal,Tehsil Counil khanewal,Tehsil Counil khanewal,0300-7898792,Citizens
KHANEWAL,Kabirwala,Tehsil Municipal Kabirwala (Tentative),Tehsil Municipal Kabirwala (Tentative),0301-7515388,Citizens
KHUSHAB,Quaidabad,Doctor Hostel Quaidabad,Doctor Hostel Quaidabad,0303-6545163,Citizens
KHUSHAB,Noor pur Thal,Family Planing Office Noor Pur Thal,Family Planing Office Noor Pur Thal,0301-4386821,Citizens
KHUSHAB,Khushab,Old City Hospital Juharabad,Old City Hospital Juharabad,0341-8145969,Citizens
KHUSHAB,Naushera,TB Hospital (Non- Functional) Naushera,TB Hospital (Non- Functional) Naushera,"0302-33663660314-4790663",Citizens
LAHORE,Raiwind,Expo Centre  Johar Town  Lahore,Expo Centre  Johar Town  Lahore,1033,Citizens
LAHORE,Lahore City,LDA Sports Complex Minar e Pakistan,LDA Sports Complex Minar e Pakistan,1033,Citizens
LAHORE,Cantt,Pakistan Kidney and Liver Research Institute (PKLI),Pakistan Kidney and Liver Research Institute (PKLI),1033,Citizens
LAHORE,Raiwind,Central Park Medical College,Central Park Medical College,1033,Citizens
LAHORE,Shalimar,Lahore Medical and Dental College,Lahore Medical and Dental College,1033,Citizens
LAHORE,Cantt,Railway Dispensary,Railway Dispensary,1033,Citizens
LAHORE,Raiwind,Indus Hospital Raiwind,Indus Hospital Raiwind,1033,Citizens
LAHORE,Lahore City,Indus Hospital Sabzazar,Indus Hospital Sabzazar,1033,Citizens
LAHORE,Cantt,Indus Hospital Kahna Nau,Indus Hospital Kahna Nau,1033,Citizens
LAHORE,Cantt,Indus Hospital Manawan,Indus Hospital Manawan,1033,Citizens
LAYYAH,Layyah,MC Hall Chowk Azam,MC Hall Chowk Azam,0300-5464694,Citizens
LAYYAH,Karor,MC Hall Fateh pur,MC Hall Fateh pur,0302-6965625,Citizens
LAYYAH,Karor,MC Hall Karor,MC Hall Karor,0304-3204218,Citizens
LAYYAH,Layyah,Zila Councel HaLL Layyah,Zila Councel HaLL Layyah,0306-7842835,Citizens
LODHRAN,LODHRAN,District Sports Complex Near Charr Naher Lodhran,District Sports Complex Near Charr Naher Lodhran,0333-6427050,Citizens
LODHRAN,KEHROR PACCA,Govt Degree college Boys Kehror Pacca,Govt Degree college Boys Kehror Pacca,0333-6427050,Citizens
LODHRAN,DUNYAPUR,Govt Special Education School Dunyapur,Govt Special Education School Dunyapur,0333-6427050,Citizens
"MANDIBAHAUDDIN",Malakwal,"Ex-Building of RHC Malakwal, Malakwal","Ex-Building of RHC Malakwal, Malakwal",3404280766,Citizens
"MANDIBAHAUDDIN",Phalia,"Ex-Building of THQ Phalia, Phalia","Ex-Building of THQ Phalia, Phalia",3335050215,Citizens
"MANDIBAHAUDDIN","MANDIBAHAUDDIN","Halal e Ahmar Complex, Mandi Bahauddin","Halal e Ahmar Complex, Mandi Bahauddin",3453805782,Citizens
MIANWALI,ISAKHEL,Family Health Clinic Building Isa Khel,Family Health Clinic Building Isa Khel,"0309-0917428  ,0304-0925199",Citizens
MIANWALI,Piplan,Family Health Clinic Building Piplan,Family Health Clinic Building Piplan,0301-7957152,Citizens
MIANWALI,MIANWALI,"Old Building of Trama Center, Mianwali","Old Building of Trama Center, Mianwali",0300-4091959,Citizens
MULTAN,Shujabad,Boys Hostel Govt.Higher School Shujabad,Boys Hostel Govt.Higher School Shujabad,0336-8311425,Citizens
MULTAN,Multan City,DHDC Multan,DHDC Multan,0317-6541834,Citizens
MULTAN,Multan City,Quaid e Azam academy for educational development,Quaid e Azam academy for educational development,"0300-7384994061-9200375",Citizens
MULTAN,JPPW,"ddho office,jalalpur pirwala","ddho office,jalalpur pirwala",0300-1021272,Citizens
MUZAFFARGARH,"TEHSILALIPUR",Muncipal Committe Hall Alipur,Muncipal Committe Hall Alipur,662700999,Citizens
MUZAFFARGARH,TEHSIL  JATOI,Rescue 1122 Office Sithari Road Tehsil Jatoi,Rescue 1122 Office Sithari Road Tehsil Jatoi,3007777259,Citizens
MUZAFFARGARH,"TEHSIL  KOTADU",Tehsil Council Hall Railway Road Kot Adu,Tehsil Council Hall Railway Road Kot Adu,3336010901,Citizens
MUZAFFARGARH,"TEHSILMUZAFFARGARH",Yadgar Club M.Garh,Yadgar Club M.Garh,3224504304,Citizens
NANKANA SAHIB,Sangla Hill,Govt.Technology for Boys Sangla Hill,Govt.Technology for Boys Sangla Hill,3378655416,Citizens
NANKANA SAHIB,Nankana sahib,Gurudwara Tambo Sahib,Gurudwara Tambo Sahib,3378655416,Citizens
NANKANA SAHIB,Shahkot,Hockey Stadium Tehsil Shahkot,Hockey Stadium Tehsil Shahkot,3378655416,Citizens
NAROWAL,Shakrgarh,"Govt. Degree College For Boys, Shakargarh","Govt. Degree College For Boys, Shakargarh",3007762738,Citizens
NAROWAL,Zafarwal,Govt.Girls Degree College Zafarwal,Govt.Girls Degree College Zafarwal,3354949029,Citizens
NAROWAL,Narowal,"Narowal Public School, Narowal","Narowal Public School, Narowal",3004447544,Citizens
OKARA,Depalpur,Degree college Deepalapur (New),Degree college Deepalapur (New),"Dr. Syed Junaid0310-1637469Dr. M. Yousaf0310-6685097",Citizens
OKARA,Okara,Gymnasium Okara (New),Gymnasium Okara (New),"Dr. Nadia0300-0071266Rizwan UllahSiddique0321-7323143",Citizens
PAKPATTAN,Pakpattan,District Library Near DC Office,District Library Near DC Office,3008750786,Citizens
PAKPATTAN,Arifwala,Muncipal Coorporation Hall TMA Arifwala (NEW),Muncipal Coorporation Hall TMA Arifwala (NEW),3007830219,Citizens
"RAHIM YARKHAN",Liaqatpur,DDHO Office Liaqat Pur,DDHO Office Liaqat Pur,3006706252,Citizens
"RAHIM YARKHAN",Sadiqaabad,DDHO Office Sadiqbad,DDHO Office Sadiqbad,3344677110,Citizens
"RAHIM YARKHAN","RAHIM YARKHAN",Sheikh Khalifa Allied Health School,Sheikh Khalifa Allied Health School,3360000170,Citizens
RAJANPUR,RAJANPUR,GGHS Rajanpur,GGHS Rajanpur,0333-1787235,Citizens
RAJANPUR,Jampur,GHS Jampur,GHS Jampur,0337-7278034,Citizens
RAWALPINDI,RAWALPINDI,District Health Office Rawalpindi,District Health Office Rawalpindi,3145112175,Citizens
RAWALPINDI,RAWALPINDI,Fatima Jinnah Women Univeristy (Admin Block),Fatima Jinnah Women Univeristy (Admin Block),"051-9292900Extension: 1138",Citizens
RAWALPINDI,RAWALPINDI,RED CRESCENT  Mass Vaccintion Centre,RED CRESCENT  Mass Vaccintion Centre,"Dr. Saim (3042226465)",Citizens
RAWALPINDI,KAHUTA,Shahbaz Sharif Support Complex,Shahbaz Sharif Support Complex,"Dr. Zaheer (3055561668)Imran (03005154790)",Citizens
RAWALPINDI,RAWALPINDI,"Tehsil  Office, Kahuta (NEW)","Tehsil  Office, Kahuta (NEW)","Dr. Shehryar (3225040550)",Citizens
RAWALPINDI,KOTLI SATTIAN,"Tehsil  Office, Kotli Sattiyan (NEW)","Tehsil  Office, Kotli Sattiyan (NEW)","Dr. Abrar (3009898700)",Citizens
RAWALPINDI,MURREE,"Tehsil  Office, Murree (NEW)","Tehsil  Office, Murree (NEW)","Dr. Azhar (3215051606)",Citizens
RAWALPINDI,TAXILA,"Tehsil  Office, Taxila","Tehsil  Office, Taxila","Dr. Mohsin (3338817766)Dr. Ajmal (3470051968)",Citizens
RAWALPINDI,GUJAR KHAN,Tehsil Municipal - Office (TMA office) service road Gujjar Khan,Tehsil Municipal - Office (TMA office) service road Gujjar Khan,"Dr. Amir Sheikh (301 5252622)",Citizens
RAWALPINDI,"KALLARSAYADDAN",Tehsil Office Kallar Syedan (New),Tehsil Office Kallar Syedan (New),"Dr. Abid (3009502990)",Citizens
SAHIWAL,Sahiwal,Gymnasium near Yaadgar chowk (NEW),Gymnasium near Yaadgar chowk (NEW),"Dr. Salauddin0320-6775555",Citizens
SAHIWAL,Chichawatni,Old judicial Complex Chichawatni,Old judicial Complex Chichawatni,"Dr. Asad Shakeel0332-7491840",Citizens
SARGODHA,Sargodha,"Civil Defence Hall, Sargodha","Civil Defence Hall, Sargodha",0307-6261308,Citizens
SARGODHA,Bhera,DDHO Office Bhera,DDHO Office Bhera,0301-7237081,Citizens
SARGODHA,Shahpur,MC Hall Shahpur,MC Hall Shahpur,0300-9603402,Citizens
SARGODHA,Silanwali,MC Hall Sillanwali,MC Hall Sillanwali,0301-4264372,Citizens
SARGODHA,Kotmomin,NEW TMA Hall Salim Road Kotmomin,NEW TMA Hall Salim Road Kotmomin,0307-0963200,Citizens
SARGODHA,Sahiwal,Sports Stadium Sahiwal,Sports Stadium Sahiwal,0303-7907252,Citizens
SARGODHA,Bhalwal,TMA Hall Bhalwal,TMA Hall Bhalwal,0300-9600672,Citizens
SHEIKHUPURA,Ferozewala,Sports Complex Near THQ Hospital Ferozewala,Sports Complex Near THQ Hospital Ferozewala,"Dr. Ali0333-7576888",Citizens
SHEIKHUPURA,Sheikhupura,Waris Shah Auditorium Cricket Stadium  Sheikhupura,Waris Shah Auditorium Cricket Stadium  Sheikhupura,"Dr. Nauman0323-4782482",Citizens
SIALKOT,Sialkot,Field Hospital Hockey Stadium Pasrur Road Sialkot,Field Hospital Hockey Stadium Pasrur Road Sialkot,333 0959597,Citizens
SIALKOT,Sambrial,Govt Boys Islamia Degree college Dryport chownk tehsil  Sambrial,Govt Boys Islamia Degree college Dryport chownk tehsil  Sambrial,0331 6124008,Citizens
SIALKOT,Daska,Govt. Boys Christan High School,Govt. Boys Christan High School,0304 4935609,Citizens
SIALKOT,Pasrur,Muncipal Committee Pasrur,Muncipal Committee Pasrur,0333 8606454,Citizens
TOBA TEK SINGH,kamalia,DDHO Kamalia Office,DDHO Kamalia Office,3317296003,Citizens
TOBA TEK SINGH,Toba Tek Singh,Old City Hospital,Old City Hospital,3337661138,Citizens
TOBA TEK SINGH,Gojra,"Govt. College for Women (Zainab Hall) College Raod, Near DDHOOffice Gojra.","Govt. College for Women (Zainab Hall) College Raod, Near DDHO OfficeGojra.",3337661138,Citizens
TOBA TEK SINGH,pirmahal,Public Library Pirmahal (NEW),Public Library Pirmahal (NEW),3416725244,Citizens
VEHARI,BUREWALA,Gymnasium Burewala,Gymnasium Burewala,0300-6991522,Citizens
VEHARI,MAILSI,Gymnasium Mailsi,Gymnasium Mailsi,0301-7932844,Citizens
VEHARI,VEHARI,Gymnasium Vehari,Gymnasium Vehari,0333-6261201,Citizens
PUNJAB,,,,,,,
"",PUNJAB,,,,,,
"",,,,,,,
District,Tehsil,AVC Name,Address,,esignated,,
District,Tehsil,AVC Name,Address,,,,
"",,,,or,,,
ATTOCK,ATTOCK,Isfandyar Bukahri Hospital Attock,Isfandyar Bukahri Hospital Attock,HCW,,,
ATTOCK,HASAN ABDAL,THQ Hassan Abdal,THQ Hassan Abdal,HCW,,,
ATTOCK,FATEH JANG,THQ Hospital Fateh Jang,THQ Hospital Fateh Jang,HCW,,,
ATTOCK,HAZRO,THQ Hospital Hazro,THQ Hospital Hazro,HCW,,,
ATTOCK,JAND,THQ Hospital Jand,THQ Hospital Jand,HCW,,,
ATTOCK,PINDI GHEB,THQ Hospital Pindi Gheb,THQ Hospital Pindi Gheb,HCW,,,
BAHAWALNAGAR,BAHAWALNAGAR,"DHQ:HOSPITAL, BAHAWAL NAGAR.","DHQ:HOSPITAL, BAHAWAL NAGAR.",HCW,,,
BAHAWALNAGAR,CHISHTIAN,"THQ HOSPITAL, CHISHTIAN.","THQ HOSPITAL, CHISHTIAN.",HCW,,,
BAHAWALNAGAR,FORTABBAS,"THQ HOSPITAL, FORT ABBAS.","THQ HOSPITAL, FORT ABBAS.",HCW,,,
BAHAWALNAGAR,MINCHINABAD,"THQ HOSPITAL, MINCHINABAD.","THQ HOSPITAL, MINCHINABAD.",HCW,,,
BAHAWALNAGAR,HAROONABAD,"THQ, HOSPITAL, HAROON ABAD.","THQ, HOSPITAL, HAROON ABAD.",HCW,,,
BAHAWALPUR,BAHAWALPUR,B.V. HOSPITAL BAHAWALPUR,B.V. HOSPITAL BAHAWALPUR,HCW,,,
BAHAWALPUR,BAHAWALPUR,CIVIL HOSPITAL BAHAWALPUR,CIVIL HOSPITAL BAHAWALPUR,HCW,,,
BAHAWALPUR,AHMADPUR EAST,"THQ HOSPITAL, AHMADPUR EAST.","THQ HOSPITAL, AHMADPUR EAST.",HCW,,,
BAHAWALPUR,HASILPUR,"THQ HOSPITAL, HASILPUR.","THQ HOSPITAL, HASILPUR.",HCW,,,
BAHAWALPUR,"KHAIRPURTAMEWALI",THQ KHAIR PUR TAMEWALI,THQ KHAIR PUR TAMEWALI,HCW,,,
BAHAWALPUR,YAZMAN,THQ YAZMAN,THQ YAZMAN,HCW,,,
BHAKKAR,BHAKKAR,"DHQ Hospital Bhakkar, Bhakkar","DHQ Hospital Bhakkar, Bhakkar",HCW,,,
BHAKKAR,KALUR KOT,THQ Hospital Kalurkot,THQ Hospital Kalurkot,HCW,,,
BHAKKAR,MANKERA,THQ Hospital Mankera,THQ Hospital Mankera,HCW,,,
BHAKKAR,DARYA KHAN,"THQ Hospital, Daryakhan","THQ Hospital, Daryakhan",HCW,,,
CHAKWAL,TALA GANG,City Hospital Talagang,City Hospital Talagang,HCW,,,
CHAKWAL,CHAKWAL,DHQ Hospital CHAKWAL,DHQ Hospital CHAKWAL,HCW,,,
CHAKWAL,"CHOA SAIDANSHAH",THQ CHOA SAIDEN SHAH,THQ CHOA SAIDEN SHAH,HCW,,,
CHAKWAL,TALA GANG,THQ TALAGANG,THQ TALAGANG,HCW,,,
CHAKWAL,KALLAR KAHAR,TRAUMA CENTRE THQ HOSPITAL KALLAR KAHAR,TRAUMA CENTRE THQ HOSPITAL KALLAR KAHAR,HCW,,,
CHINIOT,CHINIOT,DHQ Hospital,DHQ Hospital,HCW,,,
CHINIOT,BHAWANA,THQ Bhowana,THQ Bhowana,HCW,,,
CHINIOT,LALIAN,THQ Lalian,THQ Lalian,HCW,,,
DERA GHAZI KHAN,DERA GHAZI KHAN,TEACHING HOSPITAL D.G. KHAN,TEACHING HOSPITAL D.G. KHAN,HCW,,,
DERA GHAZI KHAN,TAUNSA,THQ HOSPITAL TAUNS,THQ HOSPITAL TAUNS,HCW,,,
DERA GHAZI KHAN,KOT CHUTTA,"Tehsil Headquarter Hospital, Kot Chutta","Tehsil Headquarter Hospital, Kot Chutta",HCW,,,
FAISALABAD,FAISALABAD CITY,Allied Hospital Faisalabad,Allied Hospital Faisalabad,HCW,,,
FAISALABAD,FAISALABAD CITY,Children Hospital Faisalabad,Children Hospital Faisalabad,HCW,,,
FAISALABAD,FAISALABAD CITY,DISTRICT HEAD QUARTER HOSPITAL FAISALABAD,DISTRICT HEAD QUARTER HOSPITAL FAISALABAD,HCW,,,
PUNJAB
PUNJAB
District
District
Tehsil
Tehsil
AVC Name
AVC Name
Address
Address
FAISALABAD,FAISALABAD CITY,Faisalabad Institute of Cardiology Faisalabad,Faisalabad Institute of Cardiology Faisalabad,HCW
FAISALABAD,FAISALABAD CITY,Govt. General Hospital 224/RB,Govt. General Hospital 224/RB,HCW
FAISALABAD,FAISALABAD CITY,Govt. General Hospital G.M Abad,Govt. General Hospital G.M Abad,HCW
FAISALABAD,FAISALABAD CITY,Govt. General Hospital Samanabad,Govt. General Hospital Samanabad,HCW
FAISALABAD,CHAK JHUMRA,THQ HOSPITAL CHAK JHUMRA,THQ HOSPITAL CHAK JHUMRA,HCW
FAISALABAD,JARANWALA,THQ HOSPITAL JARANWALA,THQ HOSPITAL JARANWALA,HCW
FAISALABAD,SUMMUNDRI,THQ HOSPITAL SUMUNDRI,THQ HOSPITAL SUMUNDRI,HCW
FAISALABAD,TANDLIAN WALA,THQ HOSPITAL TANDILIANWALA,THQ HOSPITAL TANDILIANWALA,HCW
GUJRANWALA,GUJRANWALA,DHQ/Teaching Hospital Gujranwala,DHQ/Teaching Hospital Gujranwala,HCW
GUJRANWALA,GUJRANWALA,DOH OFFICE GUJRANWALA,DOH OFFICE GUJRANWALA,HCW
GUJRANWALA,KAMOKE,THQ Hospital Kamoke,THQ Hospital Kamoke,HCW
GUJRANWALA,"NOWSHERAVIRKAN",THQ Hospital Noshehra Vikran,THQ Hospital Noshehra Vikran,HCW
GUJRANWALA,WAZIRABAD,THQ Hospital Wazirabad,THQ Hospital Wazirabad,HCW
GUJRAT,KHARIAN,40-Bedded Civil Hospital Dinga,40-Bedded Civil Hospital Dinga,HCW
GUJRAT,GUJRAT,"AZIZ BHATTI SHAHEED (DHQ) HOSPITAL, GUJRAT","AZIZ BHATTI SHAHEED (DHQ) HOSPITAL, GUJRAT",HCW
GUJRAT,KHARIAN,THQ HOSPITAL KHARIAN,THQ HOSPITAL KHARIAN,HCW
GUJRAT,SARAI ALAMGIR,THQ Hospital Sarai Alamgir,THQ Hospital Sarai Alamgir,HCW
GUJRAT,KHARIAN,Tehsil Level HOSPITAL LALA MUSA,Tehsil Level HOSPITAL LALA MUSA,HCW
HAFIZABAD,HAFIZABAD,DHQ Hospital Hafizabad,DHQ Hospital Hafizabad,HCW
HAFIZABAD,PINDI BHATTIAN,THQ Pindi Bhattian,THQ Pindi Bhattian,HCW
JHANG,JHANG,"DHQ Hospital, Jhang","DHQ Hospital, Jhang",HCW
JHANG,AHMADPUR SIAL,THQ Ahmed pur Sial,THQ Ahmed pur Sial,HCW
JHANG,18-HAZARI,THQ Hospital 18-Hazari,THQ Hospital 18-Hazari,HCW
JHANG,SHORKOT,THQ Hospital Shorkot,THQ Hospital Shorkot,HCW
JHELUM,DINA,DHQ Hospital Jhelum,DHQ Hospital Jhelum,HCW
JHELUM,PIND DADAN KHAN,THQ Hospital PD Khan,THQ Hospital PD Khan,HCW
JHELUM,SOHAWA,THQ Hospital Sohawa,THQ Hospital Sohawa,HCW
KASUR,KASUR,DHQ HOSPITAL KASUR,DHQ HOSPITAL KASUR,HCW
KASUR,KASUR,"Govt. Aziz Bibi THQ Hospital, Roshan Bheela, Tehsil Kasur","Govt. Aziz Bibi THQ Hospital, Roshan Bheela, Tehsil Kasur",HCW
KASUR,PATTOKI,THQ HOSPITAL PATTOKI,THQ HOSPITAL PATTOKI,HCW
KASUR,"KOT RADHAKISHEN","THQ HOSPITAL, KOT RADHA KISHAN","THQ HOSPITAL, KOT RADHA KISHAN",HCW
KASUR,CHUNIAN,"THQ, HOSPITAL CHUNIAN","THQ, HOSPITAL CHUNIAN",HCW
KHANEWAL,KHANEWAL,DHQ HOSPITAL KHANEWAL,DHQ HOSPITAL KHANEWAL,HCW
KHANEWAL,JAHANIAN,THQ HOSPITAL JAHANIAN,THQ HOSPITAL JAHANIAN,HCW
KHANEWAL,KABIRWALA,THQ HOSPITAL KABIR WALA,THQ HOSPITAL KABIR WALA,HCW
KHANEWAL,MIAN CHANNU,THQ HOSPITAL MIAN CHANNU,THQ HOSPITAL MIAN CHANNU,HCW
KHUSHAB,KHUSHAB,DHQ KHUSHAB AT JAHURABAD,DHQ KHUSHAB AT JAHURABAD,HCW
KHUSHAB,KHUSHAB,THQ HOSPITAL KHUSHAB KHUSHAB,THQ HOSPITAL KHUSHAB KHUSHAB,HCW
KHUSHAB,NOWSHERA,THQ HOSPITAL NAUSHERA,THQ HOSPITAL NAUSHERA,HCW
KHUSHAB,NOORPUR,THQ HOSPITAL NOOR PUR THAL,THQ HOSPITAL NOOR PUR THAL,HCW
KHUSHAB,QAIDABAD,THQ HOSPITAL QAIDABAD,THQ HOSPITAL QAIDABAD,HCW
LAHORE,RAIWIND,Farooq Hospital Lahore,Frooq Hospital Lahore,HCW
LAHORE,LAHORE CANTT,Children Hospital,Children Hospital,HCW
LAHORE,RAIWIND,Doctors Hospital Lahore,Doctors Hospital Lahore,HCW
LAHORE,LAHORE CITY,General Hospital Lahore,General Hospital Lahore,HCW
LAHORE,LAHORE CANTT,Govt Mian Meer Hospital,Govt Mian Meer Hospital,HCW
LAHORE,LAHORE CITY,Govt Nawaz Sharif Hospital Yakki Gate,Govt Nawaz Sharif Hospital Yakki Gate,HCW
LAHORE,LAHORE CITY,Govt Teaching Hospital Shahdra,Govt Teaching Hospital Shahdra,HCW
LAHORE,SHALIMAR,Govt. Kot Khawaja Saeeed Hospital,Govt. Kot Khawaja Saeeed Hospital,HCW
LAHORE,LAHORE CITY,Govt. Mian Munshi Hospital,Govt. Mian Munshi Hospital,HCW
LAHORE,LAHORE CITY,Govt. Mozang Hospital,Govt. Mozang Hospital,HCW
LAHORE,RAIWIND,Govt. Social Security Hospital,Govt. Social Security Hospital,HCW
LAHORE,LAHORE CANTT,Jinnah Hospital,Jinnah Hospital,HCW
LAHORE,LAHORE CITY,"LADY WALLINGDON HOSPITAL,LAHORE","LADY WALLINGDON HOSPITAL,LAHORE",HCW
LAHORE,LAHORE CITY,Lady Aitchison Hospital Lahore,Lady Aitchison Hospital Lahore,HCW
LAHORE,LAHORE CITY,Mayo Hospital,Mayo Hospital,HCW
LAHORE,LAHORE CANTT,Pakistan Kidney and Liver Research Institute (PKLI),Pakistan Kidney and Liver Research Institute (PKLI),HCW
LAHORE,LAHORE CITY,Punjab Institute of Cardiology Hospital,Punjab Institute of Cardiology Hospital,HCW
LAHORE,LAHORE CITY,Service Hospital,Service Hospital,HCW
LAHORE,LAHORE CITY,Shaikh Zayed Hospital,Shaikh Zayed Hospital,HCW
LAHORE,LAHORE CITY,Shaukat Khanum Memorial Cancer Hospital and Research Centre,Shaukat Khanum Memorial Cancer Hospital and Research Centre,HCW
LAHORE,LAHORE CANTT,Sir Ganga Ram Hospital Lahore,Sir Ganga Ram Hospital Lahore,HCW
LAYYAH,LAYYAH,DHQ HOSPITAL LAYYAH,DHQ HOSPITAL LAYYAH,HCW
LAYYAH,CHOUBARA,THQ Hospital Choubara,THQ Hospital Choubara,HCW
LAYYAH,KAROR LAL ESAN,THQ Hospital Karor,THQ Hospital Karor,HCW
LAYYAH,LAYYAH,THQ Thal (Mian Nawaz Shareef )Hospital Layyah,THQ Thal (Mian Nawaz Shareef )Hospital Layyah,HCW
LODHRAN,LODHRAN,DHQ HOSPITAL LODHRAN,DHQ HOSPITAL LODHRAN,HCW
LODHRAN,KEHROR PACCA,THQ HOSPITAL KEHROR PACCA,THQ HOSPITAL KEHROR PACCA,HCW
LODHRAN,DUNYAPUR,THQ Hospital Dunya pur,THQ Hospital Dunya pur,HCW
MANDI BAHAUDDIN,"MANDIBAHAUDDIN","DHQ Hospital, M.B.Din","DHQ Hospital, M.B.Din",HCW
MANDI BAHAUDDIN,MALAKWAL,THQ Hospital Malakwal,THQ Hospital Malakwal,HCW
MANDI BAHAUDDIN,PHALIA,"THQ Hospital, Phalia","THQ Hospital, Phalia",HCW
MIANWALI,MIANWALI,967431DHQ HOSPITAL MIANWALI,967431DHQ HOSPITAL MIANWALI,HCW
MIANWALI,ISAKHEL,THQ HOSPITAL ISA KHEL,THQ HOSPITAL ISA KHEL,HCW
MIANWALI,PIPLAN,THQ HOSPITAL PIPLAN,THQ HOSPITAL PIPLAN,HCW
MULTAN,MULTAN CITY,CH. PERVAIZ ILLAHI INSTITUTE OF CARDIOLOGY,CH. PERVAIZ ILLAHI INSTITUTE OF CARDIOLOGY,HCW
MULTAN,MULTAN CITY,Children Hospital Complex Multan,Children Hospital Complex Multan,HCW
MULTAN,"JALALPURPIRWALA",GOVT. MUSHTAQ LANG THQ HOSP.JALALPUR PIRWALA,GOVT. MUSHTAQ LANG THQ HOSP.JALALPUR PIRWALA,HCW
MULTAN,SHUJABAD,GOVT.THQ HOSPITAL SHUJABAD,GOVT.THQ HOSPITAL SHUJABAD,HCW
MULTAN,MULTAN CITY,Govt.Shahbaz Sharif DHQ Hospital Multan,Govt.Shahbaz Sharif DHQ Hospital Multan,HCW
MULTAN,MULTAN CITY,NISHTER HOSPITAL MULTAN,NISHTER HOSPITAL MULTAN,HCW
MULTAN,MULTAN CITY,NISHTER INSTITUTE OF DENTISTRY,NISHTER INSTITUTE OF DENTISTRY,HCW
MULTAN,MULTAN CITY,"Pak Italian Modern Burn Centre, Nishtar Medical University Multan","Pak Italian Modern Burn Centre, Nishtar Medical University Multan",HCW
MUZAFFARGARH,MUZAFFARGARH,DHQ Hospital Muzaffargarh,DHQ Hospital Muzaffargarh,HCW
MUZAFFARGARH,KOT ADDU,THQ Chowk Sarawar Shaheed,THQ Chowk Sarawar Shaheed,HCW
MUZAFFARGARH,ALIPUR,THQ Hospital Alipur,THQ Hospital Alipur,HCW
MUZAFFARGARH,KOT ADDU,THQ Hospital Kot Adu,THQ Hospital Kot Adu,HCW
MUZAFFARGARH,JATOI,THQ Jatoi,THQ Jatoi,HCW
NANKANA SAHIB,NANKANA SAHIB,DHQ HOSPITAL NANKANA SAHIB,DHQ HOSPITAL NANKANA SAHIB,HCW
NANKANA SAHIB,SANGLA HILL,THQ HOSPITAL SANGLA HILL,THQ HOSPITAL SANGLA HILL,HCW
NANKANA SAHIB,SHAH KOT,THQ HOSPITAL SHAHKOT,THQ HOSPITAL SHAHKOT,HCW
NAROWAL,NAROWAL,DHQ Narowal,DHQ Narowal,HCW
NAROWAL,SHAKARGARH,THQ Shakargarh,THQ Shakargarh,HCW
OKARA,RENALA KHURD,DHQ HOSPITAL (SOUTH CITY) OKARA,DHQ HOSPITAL (SOUTH CITY) OKARA,HCW
OKARA,OKARA,DHQ HOSPITAL OKARA,DHQ HOSPITAL OKARA,HCW
OKARA,DEPALPUR,THQ HOSPITAL DEPALPUR,THQ HOSPITAL DEPALPUR,HCW
OKARA,RENALA KHURD,THQ HOSPITAL HAVALI LAKHA,THQ HOSPITAL HAVALI LAKHA,HCW
PAKPATTAN,PAKPATTAN,DHQ HOSPITAL PAKPATTAN,DHQ HOSPITAL PAKPATTAN,HCW
PAKPATTAN,ARIF WALA,"THQ HOSPITAL, ARIFWALA ARIFWALA","THQ HOSPITAL, ARIFWALA ARIFWALA",HCW
RAHIM YAR KHAN,KHANPUR,THQ HOSPITAL KHANPUR,THQ HOSPITAL KHANPUR,HCW
RAHIM YAR KHAN,LIAQUAT PUR,THQ HOSPITAL LIAQUATPUR,THQ HOSPITAL LIAQUATPUR,HCW
RAHIM YAR KHAN,SADIQABAD,THQ HOSPITAL SADIQABAD,THQ HOSPITAL SADIQABAD,HCW
RAHIM YAR KHAN,RAHIM YAR KHAN,Teaching Hospital Sheikh Zayed RYK,Teaching Hospital Sheikh Zayed RYK,HCW
RAJANPUR,RAJANPUR,DHQ HOSPITAL RAJANPUR,DHQ HOSPITAL RAJANPUR,HCW
RAJANPUR,JAMPUR,THQ HOSPITAL JAMPUR,THQ HOSPITAL JAMPUR,HCW
RAJANPUR,ROJHAN,THQ HOSPITAL ROJHAN,THQ HOSPITAL ROJHAN,HCW
RAWALPINDI,RAWALPINDI,Benazir Bhutto Hospital,Benazir Bhutto Hospital,HCW
RAWALPINDI,RAWALPINDI,DHQ Hospital Rawalpindi,DHQ Hospital Rawalpindi,HCW
RAWALPINDI,RAWALPINDI,Holy Family Hospital Rawalpindi,Holy Family Hospital Rawalpindi,HCW
RAWALPINDI,RAWALPINDI,"Rawalpindi Institute of Cardiology, Rawalpindi","Rawalpindi Institute of Cardiology, Rawalpindi",HCW
RAWALPINDI,MURREE,Syed Muhammad Hussain Govt. T.B Sanatorium Samli,Syed Muhammad Hussain Govt. T.B Sanatorium Samli,HCW
RAWALPINDI,KAHUTA,THQ HOSP KAHUTA,THQ HOSP KAHUTA,HCW
RAWALPINDI,GUJAR KHAN,THQ HOSP: GUJAR KHAN,THQ HOSP: GUJAR KHAN,HCW
RAWALPINDI,MURREE,THQ HOSP: MURREE,THQ HOSP: MURREE,HCW
RAWALPINDI,TAXILA,THQ HOSPITAL TAXILA,THQ HOSPITAL TAXILA,HCW
RAWALPINDI,"KALLARSAYADDAN",THQ Hospital Kallar Syedan,THQ Hospital Kallar Syedan,HCW
RAWALPINDI,KOTLI SATTIAN,THQ Kotli Sattian,THQ Kotli Sattian,HCW
RAWALPINDI,TAXILA,Wah General Hospital Taxila,Wah General Hospital Taxila,HCW
SAHIWAL,SAHIWAL,DHQ TEACHING HOSPITAL SAHIWAL,DHQ TEACHING HOSPITAL SAHIWAL,HCW
SAHIWAL,SAHIWAL,GOVT. HAJI ABDUL QAYYUM TEACHING HOSPITAL SAHIWAL,GOVT. HAJI ABDUL QAYYUM TEACHING HOSPITAL SAHIWAL,HCW
SAHIWAL,SAHIWAL,MINI HOSPITAL GHALLA MANDI SAHIWAL,MINI HOSPITAL GHALLA MANDI SAHIWAL,HCW
SAHIWAL,CHICHAWATNI,THQ HOSPITAL CHICHAWATNI,THQ HOSPITAL CHICHAWATNI,HCW
SARGODHA,SARGODHA,DHQ TEACHING HOSPITAL SARGODHA,DHQ TEACHING HOSPITAL SARGODHA,HCW
SARGODHA,SARGODHA,GOVT. TB HOSPITAL SARGODHA,GOVT. TB HOSPITAL SARGODHA,HCW
SARGODHA,SARGODHA,THQ BHAGTANWALA,THQ BHAGTANWALA,HCW
SARGODHA,BHERA,THQ BHERA,THQ BHERA,HCW
SARGODHA,SARGODHA,THQ CHAK NO. 46/SB,THQ CHAK NO. 46/SB,HCW
SARGODHA,BHALWAL,THQ HOSPITAL BHALWAL,THQ HOSPITAL BHALWAL,HCW
SARGODHA,SARGODHA,THQ HOSPITAL CHAK NO. 90/SB,THQ HOSPITAL CHAK NO. 90/SB,HCW
SARGODHA,SHAHPUR,THQ HOSPITAL SHAHPUR,THQ HOSPITAL SHAHPUR,HCW
SARGODHA,KOT MOMIN,THQ KOT MOMIN,THQ KOT MOMIN,HCW
SARGODHA,SAHIWAL,THQ SAHIWAL,THQ SAHIWAL,HCW
SARGODHA,SILLANWALI,THQ SILLANWALI,THQ SILLANWALI,HCW
SHEIKHUPURA,SHEIKHUPURA,DHQ HOPITAL SHEIKHUPURA,DHQ HOPITAL SHEIKHUPURA,HCW
SHEIKHUPURA,MURIDKE,THQ HOSPITAL MURIDKE,THQ HOSPITAL MURIDKE,HCW
SHEIKHUPURA,FEROZEWALA,THQ Hospital Ferozewala,THQ Hospital Ferozewala,HCW
SHEIKHUPURA,SAFDARABAD,THQ Hospital Safdarabad,THQ Hospital Safdarabad,HCW
SHEIKHUPURA,SHARAK PUR,THQ Hospital SharaqPur Sharif,THQ Hospital SharaqPur Sharif,HCW
SIALKOT,SIALKOT,ALLAMA IQBAL MEM. HOSP. SIALKOT,ALLAMA IQBAL MEM. HOSP. SIALKOT,HCW
SIALKOT,DASKA,CIVIL HOSPITAL DASKA,CIVIL HOSPITAL DASKA,HCW
SIALKOT,SIALKOT,GOVT SARDAR BEGUM HOSPITAL SIALKOT,GOVT SARDAR BEGUM HOSPITAL SIALKOT,HCW
SIALKOT,PASRUR,THQ HOSPITAL PASRUR,THQ HOSPITAL PASRUR,HCW
SIALKOT,SIALKOT,THQ KOTLI LOHARAN,THQ KOTLI LOHARAN,HCW
SIALKOT,SAMBRIAL,THQ SAMBRIAL,THQ SAMBRIAL,HCW
TOBA TEK SINGH,TOBA TEK SINGH,DHQ HOSPITAL TOBA TEK SINGH,DHQ HOSPITAL TOBA TEK SINGH,HCW
TOBA TEK SINGH,GOJRA,GOVT.EYE-CUM-GENERAL HOSPITAL GOJRA,GOVT.EYE-CUM-GENERAL HOSPITAL GOJRA,HCW
TOBA TEK SINGH,KAMALIA,THQ HOSPITAL KAMALIA,THQ HOSPITAL KAMALIA,HCW
TOBA TEK SINGH,PIR MAHAL,THQ Hospital Pirmahal,THQ Hospital Pirmahal,HCW
VEHARI,VEHARI,D.H.Q Hospital Vehari,D.H.Q Hospital Vehari,HCW
VEHARI,BUREWALA,THQ BUREWALA,THQ BUREWALA,HCW
VEHARI,MAILSI,THQ. MAILSI,THQ. MAILSI,HCW
"",,,SINDH,,
"",,,,,Designated
District,Tehsil,AVC Name,Address,Contact No,
"",,,,,for
Karachi East,Karachi East,Dow Ojha,"Dow Ojha Hospital, Near mosmiat, Johar",021-99333414,Both
Karachi East,Karachi East,Dow Dental,"Main University Road, Opposite Karachi University",021-99333414,Both
Karachi East,Karachi East,Expo Centre,"Expo Centre, Karachi",021-99333415,Both
"",,,,Dr. Aftab Focal,
Karachi South,Karachi South,Khaliqdina Hall,"Near Services Hospital, Saddar",Person (0301-,Both
"",,,,3540427),
"",,,,Dr. Adnan Focal,
Karachi South,Karachi South,JPMC Hospital,"JPMC Hospital, Near Regent Plaza",Person (0333-,Both
"",,,,3110672),
"",,,,"0213-6408933,",
Karachi Central,Karachi Central,Childern Hospital,"Shadman Town Sector 14-B, Near Nagan Chowrangi ?Anda Mor Road",,Both
"",,,,0213-6408930,
"",,,,"021-99333476-7,",
"",,,,"0333-2606993,",
Karachi West,Karachi West,SG Qatar Hospital,"Banaras Bazar Chowk, Sector 8 Orangi Town",,Both
"",,,,"021-99333474,",
"",,,,0322-2552555,
Jamshoro,Kotri,LUMS Jamshoro,"LUMS Jamshoro, Main Indus Highway",022-2115091,Both
BADIN,BADIN,Civil Hospital Badin,Civil Hospital Badin,3332922123,Both
BADIN,MATLI,Taluka Hospital Matli,Taluka Hospital Matli,3163817322,Both
BADIN,TANDO BAGO,Taluka Hospital Tando Bago,Taluka Hospital Tando Bago,3323534768,Both
BADIN,GOLARCHI,Taluka Hospital Golarchi,Taluka Hospital Golarchi,3453517400,Both
BADIN,TALHAR,RHC Talhar,RHC Talhar,3310212585,Both
BADIN,Tando Ghulam Ali,RHC Tando Ghulam Ali,RHC Tando Ghulam Ali,3332922123,Both
BADIN,Pangrio,RHC Pangrio,RHC Pangrio,3332922123,Both
DADU,DADU,Civil Hospital Dadu,Civil Hospital Dadu,3332949348,Both
DADU,KHAIRPUR NATHAN SHAH,"THQ, Hospital, K.N.Shah.","THQ, Hospital, K.N.Shah.",3443888112,Both
DADU,MEHAR,"THQ Hospial, Mehar.","THQ Hospial, Mehar.",3443395122,Both
DADU,JOHI,"TH, Johi.","TH, Johi.",3322790218,Both
DADU,DADU,"Rural Health Centre, Radhan.","Rural Health Centre, Radhan.",3161361667,Both
DADU,KHAIRPUR NATHAN SHAH,"RHC, Sita Road.","RHC, Sita Road.",3463632240,Both
DADU,JOHI,"RHC, Drigh Bala.","RHC, Drigh Bala.",3003369660,Both
GHOTKI,MIRPUR MATHELO,DHQ Hospital Mirpur Mathelo,DHQ Hospital Mirpur Mathelo,723661655,Both
GHOTKI,GHOTKI,Taluka Hospital Ghotki,Taluka Hospital Ghotki,723682221,Both
GHOTKI,DAHARKI,Taluka Hospital Daharki,Taluka Hospital Daharki,723643072,Both
GHOTKI,KHANGARH,SHBM Hospital Khanpur Mahar,SHBM Hospital Khanpur Mahar,300319989,Both
GHOTKI,UBAURO,Taluka Hospital Ubauro,Taluka Hospital Ubauro,723688464,Both
HYDERABAD,LATIFABAD,SGH Shah Bhitai,SGH Shah Bhitai,229260293,Both
HYDERABAD,HYDERABAD CITY,Trauma Centre and General Hospital,Trauma Centre and General Hospital,222661627,Both
HYDERABAD,QASIMABAD,SGH Qasimabad,SGH Qasimabad,222107605,Both
HYDERABAD,HYDERABAD CITY,SGH CDF Hyderabad,SGH CDF Hyderabad,2229210256,Both
HYDERABAD,LATIFABAD,SGH Kohisar Latifabad,SGH Kohisar Latifabad,223407115,Both
HYDERABAD,HYDERABAD CITY,SGH Pretabad,SGH Pretabad,222104293,Both
HYDERABAD,HYDERABAD,RHC Tando Jam,RHC Tando Jam,3352375995,Both
HYDERABAD,HYDERABAD,RHC Tando Qaisar,RHC Tando Qaisar,3142460576,Both
HYDERABAD,HYDERABAD,SGH Hali Road,SGH Hali Road,3363100870,Both
HYDERABAD,HYDERABAD,RHC Husri,RHC Husri,3003084493,Both
HYDERABAD,HYDERABAD,IUH,IUH,3332641388,Both
JACOBABAD,JACOBABAD,CIVIL Hospital Jacobabad,CIVIL Hospital Jacobabad,3337341698,Both
JACOBABAD,THUL,Taluka Hospital Thul,Taluka Hospital Thul,3335765590,Both
JACOBABAD,GARHI KHAIRO,Taluka Hospital Garhi Khairo,Taluka Hospital Garhi Khairo,3063185622,Both
JACOBABAD,THUL,RHC Garhi Hassan,RHC Garhi Hassan,3003174277,Both
JACOBABAD,THUL,RHC Mirpur Buriro,RHC Mirpur Buriro,3003889795,Both
JACOBABAD,JACOBABAD,RHC Qadirpur,RHC Qadirpur,3157393824,Both
JACOBABAD,JACOBABAD,JIMS Hospital JCD,JIMS Hospital JCD,3003180003,Both
JAMSHORO,KOTRI,Civil Hospital (DHQ) Kotri,Civil Hospital (DHQ) Kotri,3463763462,Both
JAMSHORO,SEHWAN SHARIF,Syed Abdullah Shah Institute of Medical Sciences,"Syed Abdullah Shah Institute of Medical Sciences, Sehwan",3443251901,Both
JAMSHORO,KOTRI,LUMS Jamshoro,"LUMS Jamshoro, Main Indus Highway",222115091,Both
JAMSHORO,Manjhand,THQ Manjhand,THQ Manjhand,3330379004,Both
JAMSHORO,Thano Bula Khan,TBK THQ,TBK THQ,3330379004,Both
KAMBAR SHAHDAD KOT,QAMBAR ALI KHAN,DHQ Hosp Qamber,DHQ Hosp Qamber,3333891584,Both
KAMBAR SHAHDAD KOT,SHAHDAD KOT,Taluka Hospital Shahdadkot,Taluka Hospital Shahdadkot,3337518500,Both
KAMBAR SHAHDAD KOT,WARAH,Taluka Hospital Warah,Taluka Hospital Warah,3023156031,Both
KAMBAR SHAHDAD KOT,NASIR ABAD,RHC Nasirabad,RHC Nasirabad,3322794730,Both
KAMBAR SHAHDAD KOT,WARAH,RHC Wagan,RHC Wagan,3337533810,Both
KARACHI CENTRAL,KARACHI CENTRAL,SG Hospital Liaquatabad,SG Hospital Liaquatabad,3150880395,Both
KARACHI CENTRAL,KARACHI CENTRAL,SG Hospital New KHI,SG Hospital New KHI,2136950350,Both
"",,,,"02136321190,",
KARACHI CENTRAL,KARACHI CENTRAL,Urban Health Centre Gohrabad,Urban Health Centre Gohrabad,,Both
"",,,,3319994668,
KARACHI CENTRAL,KARACHI CENTRAL,"Urban Health Centre 5C-3, North Karachi","Urban Health Centre 5C-3, North Karachi",3452249484,Both
"",,,,"02136408933,",
KARACHI CENTRAL,KARACHI CENTRAL,Childern Hospital,,,Both
"",,,,02136408930,
KARACHI EAST,KARACHI EAST,AKUH,AKUH,21111911911,Both
KARACHI EAST,KARACHI EAST,Liaquat National Hospital,Liaquat National Hospital,21111456456,Both
KARACHI EAST,KARACHI EAST,"Sindh Govt. Modern Hospital, Karachi","Sindh Govt. Modern Hospital, Karachi",021-34835504,Both
KARACHI EAST,KARACHI EAST,"PIB, MCH, Centre","PIB, MCH, Centre",021-99333414,Both
KARACHI EAST,KARACHI EAST,Dow Ojha,"Dow Ojha Hospital, Near mosmiat, Johar",021-99333414,Both
KARACHI EAST,KARACHI EAST,Dow Dental,"Main University Road, Opposite Karachi University",021-99333414,Both
KARACHI EAST,KARACHI EAST,Expo Centre,Expo Centre,021-99333415,
KARACHI KORANGI,KORANGI,Sindh Govt. Hospital Korangi 5,Sindh Govt. Hospital Korangi 5,2135151342,Both
KARACHI KORANGI,KORANGI,SG 25 bedded Hospital Malir Shed,SG 25 bedded Hospital Malir Shed,2134505533,Both
KARACHI KORANGI,KORANGI,Sindh Govt. 25 Bedded Hospital Korangi 1 1/2,Sindh Govt. 25 Bedded Hospital Korangi 1 1/2,2135120214,Both
KARACHI KORANGI,KORANGI,SGH Saudabad Malir,SGH Saudabad Malir,2134110461,Both
KARACHI MALIR,MALIR,UHC Thado Nalo,UHC Thado Nalo,3333957628,Both
KARACHI MALIR,MALIR,"RHC, Murad Memon Goth","RHC, Murad Memon Goth",3353681219,Both
KARACHI MALIR,MALIR,Social Security Kidney Center,Social Security Kidney Center,3463675626,Both
KARACHI SOUTH,KARACHI SOUTH,Civil Hospital Pad OPD (SIUT),Civil Hospital Pad OPD (SIUT),3322595775,Both
KARACHI SOUTH,KARACHI SOUTH,Shaheed Benazir Bhutto Medical College Lyari,Shaheed Benazir Bhutto Medical College Lyari,3308483710,Both
KARACHI SOUTH,KARACHI SOUTH,Khaliqdina Hall,"Near Services Hospital, Saddar",3013540427,Both
KARACHI SOUTH,KARACHI SOUTH,JPMC Hospital,"JPMC Hospital, Near Regent Plaza",3333110672,Both
KARACHI WEST,KARACHI WEST,"RHC, Baldia","RHC, Baldia",3352323288,Both
KARACHI WEST,KARACHI WEST,"RHC, Shershah","RHC, Shershah",3459511982,Both
KARACHI WEST,KARACHI WEST,"UHC, Orangi - 15, Karachi","UHC, Orangi - 15, Karachi",3442953044,Both
KARACHI WEST,KARACHI WEST,"50 Bedded Hospital, Mansoor Nagar","50 Bedded Hospital, Mansoor Nagar",3112540890,Both
KARACHI WEST,KARACHI WEST,"RHC, Manghopir","RHC, Manghopir",3232194081,Both
"",,,,02199333476 /,
"",,,,03332606993,
KARACHI WEST,KARACHI WEST,SG Qatar Hospital,SG Qatar Hospital,,Both
"",,,,/02199333474,
"",,,,/03222552555,
KASHMORE,KANDH KOT,Taluka Hospital Kandhkot,Taluka Hospital Kandhkot,3469558135,Both
KASHMORE,KASHMORE,Taluka Hospital Kashmore,Taluka Hospital Kashmore,3337360658,Both
KHAIRPUR,KHAIRPUR,KMC Civil hospital Khairpur,KMC Civil hospital Khairpur,3012663887,Both
KHAIRPUR,SOBHO DERO,Ranipur,Ranipur,3347382264,Both
KHAIRPUR,THARI MEER WAH,Thari Mir Wah,Thari Mir Wah,3333960839,Both
"",,Pir Syed Abdul Qadir Shah Jeelani Institute of,Pir Syed Abdul Qadir Shah Jeelani Institute of Medical Sciences,,
KHAIRPUR,GAMBAT,,,3003123310,Both
"",,Medical Sciences Gambat,Gambat,,
KHAIRPUR,KOT DIJI,Taluka Hospital Kotdeji,Taluka Hospital Kotdeji,3013582910,Both
KHAIRPUR,KHAIRPUR,RHC Garhi Mori,RHC Garhi Mori,3337163527,Both
KHAIRPUR,SOBHO DERO,Sobho Dero,Sobho Dero,3003138177,Both
KHAIRPUR,FAIZ GANJ,Faiz Ganj,Faiz Ganj,3452995500,Both
KHAIRPUR,NARA,Choundiko,Choundiko,3362710898,Both
KHAIRPUR,KINGRI,Pir Jo Goth,Pir Jo Goth,3153414277,Both
KHAIRPUR,Kumb,BHU Kumb,"Basic Health Unit, Kumb",3018311303,Both
LARKANA,LARKANA,CMC Hospital Larkana,CMC Hospital Larkana,3337533685,Both
LARKANA,DOKRI,T.H.Dokri,T.H.Dokri,3337517256,Both
LARKANA,RATO DERO,Ratodero,Ratodero,3453852452,Both
LARKANA,RATO DERO,Government Hospital Naudero,Government Hospital Naudero,3463375500,Both
LARKANA,BAQRANI,THQ Arija,THQ Arija,3362709284,Both
LARKANA,DOKRI,Badah,Badah,3463350330,Both
LARKANA,RATO DERO,Banguldero,Banguldero,3003423595,Both
LARKANA,RATO DERO,RHC Ghari Khuda Bux Bhutto,RHC Ghari Khuda Bux Bhutto,3432074803,Both
LARKANA,BAQRANI,Gerello,Gerello,3003595872,Both
MATIARI,MATIARI,DHQ Hosp Matiari,DHQ Hosp Matiari,3013502117,Both
MATIARI,HALA,TALUKA Hospital Hala,TALUKA Hospital Hala,3013589746,Both
MATIARI,HALA,THQ Saeedabad,THQ Saeedabad,3332862298,Both
MATIARI,HALA,RHC Bhit Shah,RHC Bhit Shah,3342096716,Both
MATIARI,MATIARI,RHC Odero Lal Station,RHC Odero Lal Station,3003022381,Both
MATIARI,SAEEDABAD,RHC B.D.Kaka,RHC B.D.Kaka,3013570872,Both
MATIARI,MATIARI,RHC Khyber,RHC Khyber,3433705573,Both
MIRPUR KHAS,HUSSAIN BUX MARRI,DHQH Mispurkhas,DHQH Mispurkhas,3337071709,Both
MIRPUR KHAS,DIGRI,Digri,Digri,3333087801,Both
MIRPUR KHAS,KOT GHULAM MUHAMMAD,Kot Ghulam Muhammad,Kot Ghulam Muhammad,3013608405,Both
MIRPUR KHAS,MIRPUR KHAS,Civil Hospital Mirpurkhas,Civil Hospital Mirpurkhas,3332984998,Both
MIRPUR KHAS,JHUDO,Naukot,Naukot,3332502297,Both
MIRPUR KHAS,JHUDO,Jhudo,Jhudo,3073544875,Both
MIRPUR KHAS,DIGRI,Tando Jan Muhammad,Tando Jan Muhammad,3013997024,Both
MIRPUR KHAS,SHUJABAD,Mirwah Gorchani,Mirwah Gorchani,3332974450,Both
MIRPUR KHAS,SINDHRI,Phullahdiyoon,Phullahdiyoon,3322031824,Both
NAUSHAHRO FEROZE,NAUSHAHRO FEROZE,DHQ Civil Hospital Naushero Feroze,DHQ Civil Hospital Naushero Feroze,3002450341,Both
NAUSHAHRO FEROZE,KANDIARO,T.H. Kandiaro,T.H. Kandiaro,3003180123,Both
NAUSHAHRO FEROZE,MORO,T.H. Moro,T.H. Moro,3003018245,Both
NAUSHAHRO FEROZE,MEHRAB PUR,RHC Mehrab Pur,RHC Mehrab Pur,3003214814,Both
NAUSHAHRO FEROZE,MEHRAB PUR,RHC Halani,RHC Halani,3009319160,Both
NAUSHAHRO FEROZE,BHIRIA,RHC Bhiria,RHC Bhiria,3003236844,Both
NAUSHAHRO FEROZE,BHIRIA,RHC Tharu Shah,RHC Tharu Shah,3023672118,Both
NAUSHAHRO FEROZE,KANDIARO,RHC Derbello,RHC Derbello,3332845598,Both
NAUSHAHRO FEROZE,NAUSHAHRO FEROZE,RHC Mithiani,RHC Mithiani,3007085806,Both
NAUSHAHRO FEROZE,MORO,RHC New Jatoi,RHC New Jatoi,3013551105,Both
NAUSHAHRO FEROZE,NAUSHAHRO FEROZE,RHC Padidan,RHC Padidan,3012736028,Both
NAUSHAHRO FEROZE,KANDIARO,RHC Kamal Dero,RHC Kamal Dero,3022298378,Both
NAUSHAHRO FEROZE,BHIRIA,RHC Machur,RHC Machur,3243377460,Both
SANGHAR,SANGHAR,CIVIL HOSPITAL SANGHAR,CIVIL HOSPITAL SANGHAR,3332915106,Both
SANGHAR,SHAHDADPUR,"Shahdadpur Institute of Medical Sciences, Sanghar","Shahdadpur Institute of Medical Sciences, Sanghar",3341003002,Both
SANGHAR,KHIPRO,THQ  Hospital Khipro,THQ  Hospital Khipro,3333602018,Both
SANGHAR,TANDO ADAM,THQ Hospital Tando Adam,THQ Hospital Tando Adam,3453899988,Both
SANGHAR,SHAHDADPUR,RHC Shahpurchakar,RHC Shahpurchakar,3332119155,Both
SANGHAR,SINJHORO,THQ Hospital Sinjhoro,THQ Hospital Sinjhoro,3332916898,Both
SANGHAR,SINJHORO,RHC Jhol,RHC Jhol,3443733544,Both
SANGHAR,SANGHAR,RHC Kandari,RHC Kandari,3463311613,Both
SANGHAR,JAM NAWAZ ALI,RHC Jam Nawaz Ali,RHC Jam Nawaz Ali,3323141771,Both
SHAHEED BENAZIR ABAD,KAZI AHMED,MCH Society Nawabshah,MCH Society Nawabshah,3040350669,Both
SHAHEED BENAZIR ABAD,SAKRAND,Taluka Hospital Sakrand,Taluka Hospital Sakrand,3003034167,Both
SHAHEED BENAZIR ABAD,KAZI AHMED,RHC Kazi Ahmed,RHC Kazi Ahmed,3002739139,Both
SHAHEED BENAZIR ABAD,KAZI AHMED,RHC Daulatpur,RHC Daulatpur,3003220365,Both
SHAHEED BENAZIR ABAD,DAUR,RHC Daur,RHC Daur,3013810483,Both
SHAHEED BENAZIR ABAD,DAUR,RHC Bandhi,RHC Bandhi,3333327158,Both
SHIKARPUR,SHIKARPUR,DHQ RBUT (Civil) Hospital Shikarpur,DHQ RBUT (Civil) Hospital Shikarpur,3337374136,Both
SHIKARPUR,LAKHI,51. Taluka Hospital Lakhi Ghulam Shah,51. Taluka Hospital Lakhi Ghulam Shah,3323301336,Both
SHIKARPUR,GARHI YASIN,32. R.H.C. Garhi Yasin,32. R.H.C. Garhi Yasin,3453945330,Both
SHIKARPUR,KHANPUR,30. R.H.C. Khanpur,30. R.H.C. Khanpur,3003131100,Both
SHIKARPUR,KHANPUR,16. R.H.C Rahimabad,16. R.H.C Rahimabad,3337274188,Both
SHIKARPUR,SHIKARPUR,9. R.H.C. Sultan Kot,9. R.H.C. Sultan Kot,3337577008,Both
SUJAWAL,SUJAWAL,THQ Sujawal,THQ Sujawal,3003799153,Both
SUJAWAL,JATI,THQ Jati,THQ Jati,3133253360,Both
SUJAWAL,MIRPUR BATHORO,RHC Darro,RHC Darro,3363511680,Both
SUJAWAL,MIRPUR BATHORO,THQ MP Bathoro,THQ MP Bathoro,3135696615,Both
SUJAWAL,SHAH BUNDER,RHC Chuhar Jamali,RHC Chuhar Jamali,3023450500,Both
"",,,,0715811532 /,
SUKKUR,NEW SUKKUR,IHS Hospital Labour Flats,IHS Hospital Labour Flats,,Both
"",,,,0715811533,
"",,Ghulam Muhammad Mahar Medical College Hospital,,,
SUKKUR,SUKKUR,,Ghulam Muhammad Mahar Medical College Hospital Sukkur,3463411341,Both
"",,Sukkur,,,
"",,,,0715690500 /,
SUKKUR,PANO AQIL,TH PANO AKIL,TH PANO AKIL,,Both
"",,,,0321 7554748,
"",,,,0333 7128627 /,
SUKKUR,ROHRI,TH ROHRI,TH ROHRI,,Both
"",,,,0715651115,
TANDO ALLAHYAR,TANDO ALLAHYAR,DISTRICT HEAD QUARTER,DISTRICT HEAD QUARTER,3123828314,Both
TANDO ALLAHYAR,TANDO ALLAHYAR,Rural Health Centre Nasarpur,Rural Health Centre Nasarpur,3013550801,Both
TANDO ALLAHYAR,CHAMBER,Rural Health Centre Chamber,Rural Health Centre Chamber,3332984859,Both
TANDO MUHAMMAD KHAN,TANDO MUHAMMAD KHAN,DHQ Hosp TM Khan,DHQ Hosp TM Khan,223342274,Both
TANDO MUHAMMAD KHAN,BULRI SHAH KARIM,RHC BULRI SHAH KARIM,RHC BULRI SHAH KARIM,3003010298,Both
THARPARKAR,MITHI,Civil Hospital Mithi,Civil Hospital Mithi,3442422025,Both
THARPARKAR,DIPLO,Taluka Hospital Diplo,Taluka Hospital Diplo,3104850872,Both
THARPARKAR,CHACHRO,Taluka Hospital Chachro,Taluka Hospital Chachro,3332582209,Both
THARPARKAR,ISLAM KOT,Rural Health Center Islamkot,Rural Health Center Islamkot,3473649013,Both
THARPARKAR,NAGAR PARKAR,Taluka Hospital Nagarparkar,Taluka Hospital Nagarparkar,3343458317,Both
THARPARKAR,CHACHRO,Taluka Hospital Kheme Jo Par,Taluka Hospital Kheme Jo Par,3453624926,Both
THATTA,THATTA,DHQ Civil Hospital Thatta,DHQ Civil Hospital Thatta,3003083641,Both
THATTA,GHORABARI,"Rural Health Centre, Var","Rural Health Centre, Var",3002238780,Both
THATTA,MIRPUR SAKRO,"Shaikh Zayed Medical Centre, Mirpur Sakro","Shaikh Zayed Medical Centre, Mirpur Sakro",3322678572,Both
THATTA,THATTA,"Rural Health Centre, Jhirck","Rural Health Centre, Jhirck",3133219430,Both
THATTA,KETI BUNDER,"Rural Health Centre, Baghan","Rural Health Centre, Baghan",3153238096,Both
THATTA,MIRPUR SAKRO,"Rural Health Centre, Gharo","Rural Health Centre, Gharo",3203196974,Both
THATTA,Kaloi,RHC Kaloi,"Rural Health Centre, Kaloi",3082429857,Both
UMER KOT,UMER KOT,MS DHQH Umerkot,MS DHQH Umerkot,3332568834,Both
UMER KOT,KUNRI,"THQ, Hospital Kunri","THQ, Hospital Kunri",3003037949,Both
UMER KOT,SAMARO,"THQ, Hospital Samaro","THQ, Hospital Samaro",3341304568,Both
UMER KOT,PITHORO,"THQ, Hospital Pithoro","THQ, Hospital Pithoro",3003322366,Both
UMER KOT,UMER KOT,RHC Dhoronaro,RHC Dhoronaro,3361221215,Both
